cust_id,first_name,last_name,phone,gender,addresses,city_name,state_name
1,Merri,Waelchi,1-229-325-2871,f,9429 Sol Oval,North Valburgh,Rhode Island
2,Kathe,Block,(491) 002-0106,f,1251 Von Centers,Port Marinda,Nebraska
3,Titus,Stamm,891-423-1722,f,90661 Theodore Junctions,Frederickburgh,Massachusetts
4,Ona,Dicki,1-584-701-3504,m,595 Hegmann Viaduct,Hymanfurt,Mississippi
5,Teodoro,Cummerata,510.062.2724,f,592 Blanch Extensions,Port Carmachester,Massachusetts
6,Wade,Williamson,(160) 521-1386,m,220 Sade Streets,Lake Jarredville,Mississippi
7,Vonda,Kris,(100) 230-4885,f,6794 Barrows Bridge,Beckieport,Wisconsin
8,Blaine,Pouros,665-629-3562,f,7157 Herzog Green,West Necole,Rhode Island
9,Cherise,Rempel,1-825-329-8895,f,4021 Carri Wall,Bednarville,Oklahoma
10,Benton,Wiza,1-720-114-5747,f,3955 Buddy Isle,Schoenchester,Montana
11,Jerold,Murphy,(500) 333-4035,m,873 Huel Club,South Darellborough,Washington
12,Alecia,Borer,350.404.7814,m,8940 Bridgett Place,South Tabitha,Georgia
13,Bobbi,Hartmann,1-934-669-1226,m,72967 Richie Prairie,Hagenesmouth,Virginia
14,Jennie,Luettgen,625.115.4095,f,67991 Hills Station,North Willie,Indiana
15,Jamar,Brown,1-442-225-2973,m,59213 Torri Harbor,North Daraland,Washington
16,Bethel,Schamberger,952.457.2603,f,98809 Lueilwitz Village,East Imogene,Pennsylvania
17,Lottie,Abshire,680-004-8947,f,4777 Reid Points,Gutmannchester,West Virginia
18,Eldridge,Raynor,331.107.9358,f,54088 Medhurst Spring,North Tandy,South Carolina
19,Cindi,Doyle,353-452-1449,f,3640 Ferry Shores,East Shemekaville,Delaware
20,Anibal,Bahringer,564.130.2816,m,9710 Theresia Mews,Morissettefort,Pennsylvania
21,Dagny,Torp,(494) 139-9378,f,7229 Humberto Flats,Port Vena,North Dakota
22,Carmela,Klein,(751) 440-7174,m,8976 Toy Valley,Alview,Idaho
23,Karl,Kuhic,1-387-021-7017,m,84444 Cathryn Court,Sylviafurt,Missouri
24,Jerome,Feeney,1-852-608-8376,m,8242 Durgan Radial,South Wernermouth,New Jersey
25,Roxy,Langosh,1-149-138-8305,m,200 Strosin Village,Gertrudebury,Maine
26,Teri,Thiel,209.231.8439,f,129 Langworth Junctions,Mayerton,Michigan
27,Laila,Cummerata,250.067.8434,m,82017 Gloria Fords,Bernierstad,Hawaii
28,Brady,Crona,680.864.3299,f,140 Sal Village,Garlandtown,Arkansas
29,Dexter,Vandervort,(738) 274-7181,m,65580 Smith Views,Kesslermouth,Maryland
30,Jamaal,Bashirian,354.156.0291,f,312 Fae Row,New Susanne,New Mexico
31,Myong,Stroman,1-401-682-2506,f,63442 Kendrick Ridges,Warnerland,Michigan
32,Chong,Kuhlman,1-790-842-4339,m,22068 Carmelita Landing,Rueckerberg,Kansas
33,Cory,Sanford,900-820-7961,f,51749 Roob Shore,North Ranae,New Hampshire
34,Edgardo,Batz,1-472-243-0115,m,157 Kate Lake,North Erichburgh,Washington
35,Dania,Marks,(464) 415-0002,m,83481 Keeling Underpass,East Leida,Kentucky
36,Sondra,Trantow,219-754-1084,m,51131 Pfeffer Lakes,Glovermouth,Pennsylvania
37,Tawana,Torp,207-778-9655,m,2694 Schoen Drive,Port Miquel,South Carolina
38,Sylvester,Abshire,(436) 904-5758,m,65400 Myrtis Ways,North Billystad,Oklahoma
39,Caren,Schroeder,(837) 542-8464,m,9623 Geoffrey Rue,Lake Ferdinand,West Virginia
40,Davida,Huel,(163) 692-0791,f,44364 Thiel Gardens,Ziemeside,Connecticut
41,Clark,Walker,(795) 984-6827,m,141 Terry Summit,New Adolphshire,North Dakota
42,Shawnee,Haley,176.461.5284,m,3917 Borer Shores,Groverfurt,Idaho
43,Garth,Reilly,(563) 440-6362,f,734 Valentin Lakes,Whiteberg,Alabama
44,Rebbeca,Medhurst,522.151.4614,f,416 Johnson Springs,North Lorenland,Pennsylvania
45,Lala,O'Kon,1-281-663-6545,f,8673 Wiley Passage,West Shane,Utah
46,Marquerite,Cummerata,113.937.4360,f,899 Russel Crest,Port Benedict,South Dakota
47,Crystal,Romaguera,(748) 790-0190,f,35137 MacGyver Roads,South Valentinfurt,Delaware
48,Isaiah,Dickinson,718-199-3596,m,8503 Bernier Fields,New Donitaton,Nebraska
49,Billie,Cartwright,(100) 083-0015,f,54975 Kerri Trace,Champlinport,Hawaii
50,Azalee,Huels,864-023-4458,f,691 Beau Mission,East Carmen,Kansas
51,Sona,Klein,1-754-710-5538,f,87395 Dwight Springs,Willmshaven,Missouri
52,Christoper,Cummerata,(610) 895-8903,m,813 Clark Grove,Hellerton,Kansas
53,Felica,Hegmann,139-842-7242,m,3493 Fredericka Crossroad,New Nona,Maine
54,Homer,Wiegand,1-100-860-4283,f,2517 Angla Wells,Ashleyborough,New Hampshire
55,Maryjo,Cremin,137-748-3161,f,96484 Sung Ferry,Harlandport,New Jersey
56,Xavier,Renner,485-042-5093,f,165 Lebsack Burgs,Jacobsonview,Wyoming
57,Aaron,Marquardt,180.995.9879,f,336 Moises Crest,Lake Mildredbury,North Dakota
58,Vallie,Kilback,1-104-540-9129,m,169 Jarred Extensions,Katherinahaven,New Hampshire
59,Mirna,Wuckert,1-355-101-9110,f,2727 Maggio Camp,Boyerview,Iowa
60,Jacques,Donnelly,1-338-930-8336,m,27065 Gigi Fall,Chasitystad,Massachusetts
61,Loretta,Olson,431.120.6394,f,89332 Schmeler Mission,New Lesaborough,Vermont
62,Santiago,Larson,1-656-103-4720,m,192 Eldon Extension,South Glaydshaven,West Virginia
63,Chantal,Lubowitz,(955) 589-7749,m,6619 Connelly Streets,Sandyshire,Tennessee
64,Eda,Grimes,688.982.9811,f,382 Steuber Lodge,Larsonchester,New York
65,Magaret,Kassulke,1-764-250-1630,m,721 Tod Ridges,Emileberg,Idaho
66,Loan,Langosh,(511) 937-4686,f,2689 Medhurst Views,North Arnoldview,Florida
67,Fredda,Howe,(484) 247-3055,f,45776 Ziemann Village,West Carol,Rhode Island
68,Ariel,Hand,1-333-036-2337,f,52395 Larkin Harbor,Adolfoport,Kentucky
69,Dion,Watsica,430-629-3288,m,873 Ritchie Lights,Boscotown,New Mexico
70,Lacy,Swift,(947) 445-3447,f,78926 Flo Shore,South Williamsberg,Alabama
71,Drew,Witting,491.912.5337,m,53929 Pandora Mount,Streichfurt,California
72,Adelia,Koelpin,1-743-222-7367,f,407 Cummings Circle,East Olen,Tennessee
73,Rocky,Emmerich,816.049.6406,f,965 Borer Brooks,East Lorenport,North Dakota
74,Roberta,Conn,(604) 768-4138,f,15291 Joe Hill,East Stewart,Virginia
75,Emile,Stoltenberg,(130) 133-0981,m,4414 Odell Loop,Laurieside,Minnesota
76,Kasey,Kohler,(417) 664-6894,f,728 Casey Turnpike,Hegmannstad,Georgia
77,Bethanie,Beahan,154.783.0205,f,448 Mervin Route,Bartellfurt,Indiana
78,Becky,Cremin,244.836.8837,m,8624 Nienow Stream,Rogahnmouth,Ohio
79,Mikel,Herzog,(838) 500-6002,m,33540 Monahan Manors,Nicolmouth,Vermont
80,Kristel,Rutherford,245-935-2361,f,4130 Max Extensions,Lake Florindafort,West Virginia
81,Windy,Legros,(402) 028-0745,m,464 Morar Neck,Kleinbury,South Carolina
82,Laree,Nienow,441-667-1673,f,3433 Josphine Walks,Arlenshire,Minnesota
83,Darnell,Fadel,137.398.8790,f,4700 Fidela Bridge,Lake Martibury,New Jersey
84,Chauncey,Pagac,728-770-7914,m,92981 Lind Orchard,Wildermanville,North Carolina
85,Arnold,Adams,361-521-0748,m,66511 Reyes Terrace,Adrianville,Rhode Island
86,Brady,Adams,217.633.8056,m,981 Gislason Bridge,New Soonport,Florida
87,Hellen,Turner,(666) 957-8018,m,3348 Thurman Locks,Altenwerthhaven,Vermont
88,Darcy,Pacocha,1-761-469-4826,f,49970 Darell Walks,Kuphalport,Kansas
89,Lulu,MacGyver,757.099.6154,f,54912 Lubowitz River,Amberlyhaven,New York
90,Zoila,Kunze,(766) 370-0718,m,147 Yundt Lakes,West Roseann,Connecticut
91,Val,Yost,848.231.8108,f,9099 Preston Plaza,Jenneferland,New Mexico
92,Leena,Robel,235-210-1942,m,253 Kindra Stravenue,West Deandre,Minnesota
93,Phebe,Bergnaum,(266) 171-0507,m,728 Xavier Pass,Ernestinamouth,Vermont
94,Salvador,Schuster,1-344-175-7681,f,190 Lueilwitz Circle,Port Linhland,Connecticut
95,Ellamae,Conn,667-763-3359,m,7661 Neoma Meadow,Goldnerfurt,Colorado
96,Gabriella,Gerlach,990.314.2305,m,740 Stark Falls,Blandatown,Washington
97,Cruz,Veum,(433) 995-9234,f,3357 Douglass Terrace,Wiegandmouth,Alabama
98,Merrill,Heaney,974-971-9054,f,2520 Kshlerin Crossroad,South Raleighhaven,Pennsylvania
99,Ryan,Sauer,(174) 539-1960,m,71445 Horacio Key,New Lennyville,Nebraska
100,Doyle,Fadel,1-433-748-9059,m,53465 Timothy Cliff,South Gregg,West Virginia
101,Jovan,McGlynn,477-635-7787,f,9318 Ramon Crossing,New Reyna,Maine
102,Chong,Kris,874.427.0622,m,90364 Adell Pine,Rosaliafort,New Jersey
103,Charleen,Torphy,1-940-099-4651,m,435 Hahn Brook,South Donovan,Louisiana
104,Charles,Yundt,1-218-771-6629,f,794 Sherwood Manor,Maryamton,Nevada
105,Merlin,Toy,1-211-412-1934,m,440 Jacques Path,Port January,Delaware
106,Jessi,Kunde,585-728-8632,f,133 Sean Square,Horaceshire,Georgia
107,Moshe,Rosenbaum,982-565-1667,m,376 Lory Isle,Iketown,Nevada
108,Chi,Lueilwitz,976.433.0201,f,9328 Hauck Avenue,South Wally,Mississippi
109,Ernie,Donnelly,988.820.9308,m,63425 Schinner River,Hoegerville,Arkansas
110,Jaymie,Yost,1-585-690-0903,f,1940 Jefferson Tunnel,Alphonsoberg,New Mexico
111,Kim,Price,888-001-1655,m,9787 Upton Flats,Wunschmouth,South Carolina
112,Missy,Nader,361-245-9325,m,117 Brigida Mountain,Sylvesterstad,Mississippi
113,Hershel,Pollich,(484) 694-9181,m,5785 DuBuque Key,Kshlerinfurt,Delaware
114,Ben,Prosacco,1-964-865-8406,f,93763 Nikolaus Plain,Port Penelope,Georgia
115,Taunya,Schulist,971-042-4984,f,605 Walter Grove,South Raelene,West Virginia
116,Keshia,Schimmel,726-658-8277,f,63134 Solange Glen,Kihnfort,Hawaii
117,Cameron,Doyle,228.249.1404,f,797 Delora Plaza,Darwinbury,Georgia
118,Marvin,Schmitt,(914) 957-0638,f,3694 Feeney Ranch,Avrilfort,Wisconsin
119,Cyndy,Metz,1-179-184-2915,m,158 Lenard Lights,West Jami,Maryland
120,Georgiann,Stehr,134.984.4382,m,334 Senger Wall,Lake Colleen,Ohio
121,Jessia,Reichert,1-265-397-3927,f,171 Dibbert Ferry,Waelchiport,Delaware
122,Gilma,Erdman,817.605.7450,m,2174 Kirby Manor,Port Arturo,Alabama
123,Sharee,Blanda,970-324-0778,m,580 Hang Rue,North Marylinhaven,California
124,Bradford,Braun,(880) 298-6245,m,8808 Ortiz Parks,Lake Leanne,South Carolina
125,Maida,Bechtelar,(387) 779-9265,f,3982 Heaney Plains,Donteport,Minnesota
126,Clemencia,Kirlin,(801) 357-9648,m,486 Frederic Roads,Lorraineside,Delaware
127,Branda,Abernathy,(890) 929-2550,f,336 Kilback Mountains,East Eldenview,Michigan
128,Tracey,Nolan,1-793-278-1756,f,827 Delaine Springs,East Laquitamouth,Hawaii
129,Abbie,Hahn,(421) 718-7479,f,75912 Sherice Junctions,Armstrongchester,Arkansas
130,Jeromy,Renner,683-860-8927,f,737 Ernie Grove,Stantonchester,Kentucky
131,Wanita,Kohler,(418) 364-0366,f,8047 Schmidt Ways,East Berniehaven,Utah
132,Sheridan,Gerhold,816.594.8261,f,39946 Ratke Parks,Kerlukeberg,Missouri
133,Douglas,Sawayn,1-321-902-3017,m,8523 Moore Freeway,Fabianfort,South Dakota
134,Rebekah,Sawayn,926-277-4448,m,98712 Winnifred Coves,Britthaven,New York
135,Vernon,Nolan,(427) 225-0264,f,97992 Kuhn Gardens,Wintheisershire,Texas
136,Percy,Grant,1-283-784-4906,m,7624 Ladonna Corner,East Todhaven,Louisiana
137,Chi,Mante,841-929-6614,f,1054 Muller Field,Hanschester,North Carolina
138,Trey,Hagenes,248-793-4888,f,7906 Ryan Shores,South Cherri,Ohio
139,Joe,Sipes,256-563-9921,f,61630 Rocky Estates,Deckowchester,California
140,Trinh,Littel,230.134.1828,m,64069 Schiller Stravenue,Spencerland,Rhode Island
141,Camilla,Hodkiewicz,504.582.7933,m,1762 Petrina Springs,Pamilaberg,Nebraska
142,Kendal,Batz,1-873-259-0522,m,61806 Heaney Plains,New Darby,Wisconsin
143,Lesley,Lakin,1-333-047-1800,m,73809 Auer Keys,East Walterhaven,North Carolina
144,Rashad,Cremin,274.419.5962,m,3972 Myung Mountain,Staceyshire,New Hampshire
145,Kenyatta,Collins,1-203-290-7495,f,50329 Lowell Island,Sonburgh,Texas
146,Benedict,Bednar,1-666-420-7431,m,741 Jame Ridges,Lake Jonah,Nebraska
147,Augustina,Windler,1-775-196-5554,f,3061 Botsford Plain,Laurencestad,West Virginia
148,Irwin,Spencer,(773) 874-5168,f,200 Winfred Station,Hilpertport,Maine
149,Joseph,Reilly,(883) 343-0591,f,38760 Nakia Mill,Robertsfort,Tennessee
150,Kesha,Jacobson,287.361.3412,m,57983 Renner Square,South Rickie,Montana
151,Tyra,Sporer,(283) 966-9634,m,5316 Stehr Path,Lennyville,New Hampshire
152,Freddie,Ernser,1-277-795-1174,m,64593 Heathcote Path,Swaniawskiland,Rhode Island
153,Freida,Mosciski,(585) 217-1521,m,6605 Valrie Plains,Robelmouth,Illinois
154,Julie,Ratke,429-078-6871,f,412 Ivory Ridge,New Andreestad,Arkansas
155,Melonie,Fritsch,427.827.5088,f,4869 Chung Forest,Leandroport,Wyoming
156,Dwayne,Murray,239-288-3876,f,7632 Gianna Mission,Russelport,New Hampshire
157,Myrtis,Russel,1-381-737-9515,f,79598 Connelly Crescent,Kohlermouth,Maryland
158,Lawerence,Quigley,637-865-0128,f,7684 Gwyneth Burg,Thompsonborough,Idaho
159,Nichelle,Johns,1-146-262-3745,f,39027 Donnelly Overpass,Klington,Georgia
160,Mauricio,Thompson,319.749.6558,m,4174 Gilberto Courts,South Dariusstad,Alabama
161,Sally,Schmitt,485.216.8239,m,4839 Manda Highway,South Steve,Wisconsin
162,Nidia,Haley,848.220.6581,f,47271 Chi Circles,Larkinville,Maryland
163,Laureen,Luettgen,879.790.2045,f,45660 Heaney Street,Thompsonbury,Pennsylvania
164,Reinaldo,Feil,307-313-7266,f,246 Otto Terrace,Wolffborough,Kansas
165,Ami,Kub,(289) 783-0734,f,12122 Price Streets,Port Ike,Oklahoma
166,Donella,Koepp,601-787-7451,m,466 Corwin Village,Lake Vance,Louisiana
167,Keenan,Daniel,1-339-891-3628,m,4356 Quinton Villages,Deettamouth,Montana
168,Lawrence,Walsh,(925) 277-9746,f,33690 Zieme Mill,Hillschester,Florida
169,Ann,Spinka,(228) 868-9698,f,782 Chas Gateway,Timmyport,Washington
170,Kourtney,Bode,909.368.8556,m,73446 Hattie Dam,Gutkowskimouth,New York
171,Tuan,Considine,(976) 492-1003,m,93707 Viviana Ridges,South Rolandeberg,Oklahoma
172,Gregg,Leuschke,595-152-5481,f,8535 Diane Spring,Wanview,Nebraska
173,Alexia,Johnson,(113) 627-5115,m,33257 Fisher Bridge,South Harveyfort,Tennessee
174,Lincoln,Kshlerin,915-165-7089,m,4763 Lloyd Circle,Millsside,Hawaii
175,Shanice,Zieme,1-690-008-7835,f,48451 Maurice Key,Leonebury,Oregon
176,Dick,Bogisich,(296) 504-6318,f,96392 Harvey Ford,South Shelia,Washington
177,Rochelle,Price,702.097.8492,f,2551 Lilliana Shores,East Irwinfurt,New Jersey
178,Jay,Moore,254.466.2715,m,3572 Harvey Summit,Lynchberg,Texas
179,Tyra,Prosacco,1-510-613-3700,f,955 Howe Passage,Grahamport,Kentucky
180,Darlena,Green,(477) 242-4867,m,569 Crooks Freeway,Dickinsonville,Georgia
181,Raleigh,Leannon,493.949.5140,m,58520 Tracey Skyway,Port Margarettafurt,South Dakota
182,Christal,Daniel,1-274-347-3070,f,339 Stehr Greens,West Ardell,Tennessee
183,Douglass,Thompson,1-898-636-1377,f,94676 D'Amore Springs,West Cristyview,Utah
184,Lon,Gerlach,1-520-254-9315,f,730 Garret Points,Reynaldohaven,Nevada
185,Merideth,Gleason,394.511.2355,m,5378 Feest Drive,Austinside,Oklahoma
186,Debera,Price,323.640.1883,m,3542 Green Key,Schambergerside,Louisiana
187,Emil,Abshire,394.879.7117,m,60109 Sauer Stravenue,Connellyside,New Mexico
188,Salvador,Ullrich,321-028-2959,f,8932 Colby View,Funkhaven,Wyoming
189,Jannie,Torp,599-045-7983,f,28179 Manual Mission,Andersonport,Alaska
190,Eartha,O'Conner,1-390-387-1346,m,31383 Lula Vista,Reingerport,Arkansas
191,Leonard,Herman,415-042-1209,m,238 Candelaria Orchard,East Adrianeburgh,Montana
192,Hershel,Gusikowski,(579) 292-9104,m,4432 Zulauf Center,Pollichburgh,California
193,Retta,Trantow,1-843-370-6990,m,88244 Medhurst Loop,Roccomouth,Arizona
194,Julio,Wyman,1-305-484-8247,f,39139 Reyes Plaza,Yuetteport,Utah
195,Stanton,Yost,649.769.6520,m,5159 Glover Islands,Emelinaborough,Kentucky
196,Gilberte,Haley,(459) 142-5233,m,3770 Stark Parkway,New Gus,New Mexico
197,Shawnda,Lowe,1-145-188-8459,f,914 Sixta Drives,West Emilberg,New Mexico
198,Dollie,West,(401) 727-3360,m,8949 Wehner Pines,Gusikowskiport,Connecticut
199,Martin,Kemmer,(408) 374-6033,f,29585 Turner Mountain,Lake Azucenahaven,Arizona
200,Tu,Moore,312.933.4265,f,80959 Torp Lock,Cartwrightview,Montana
201,Ed,Stanton,(259) 944-2686,m,994 Kirlin Parkways,Abshirebury,Virginia
202,Joseph,Koch,1-976-121-9817,f,13275 Zachary Brooks,Tamekiatown,Idaho
203,Lizabeth,Larson,(687) 386-0565,m,8499 O'Kon Loaf,Isabelleview,California
204,Camilla,Kerluke,1-722-694-0148,m,989 Kym Branch,Aldenberg,Ohio
205,Jules,Mante,245-640-6006,f,3008 Zada Pass,Gaylemouth,South Dakota
206,Karyn,Dickens,839.777.5518,f,3874 Deckow Bridge,West Hilton,Maryland
207,Toney,Cronin,180-334-3795,f,570 Wyman Village,Schinnerstad,North Dakota
208,Freeman,Haag,833.362.2304,f,20186 Bruen Rue,New Raymouth,Missouri
209,Loyd,Buckridge,848.341.3155,f,67026 West Summit,Vernettaville,Florida
210,Colleen,Aufderhar,479-023-6412,m,2039 DuBuque Ports,East Denice,Texas
211,Brittney,Feil,(891) 335-9831,f,5797 Edwin Hollow,South Paris,Delaware
212,Buford,Kling,(982) 585-7218,f,534 Batz View,Eugeneborough,North Carolina
213,Jannet,Murphy,815.387.9591,f,219 Kertzmann Flats,North Jameston,Connecticut
214,Moses,Bahringer,571-446-9695,m,615 Teri Heights,Lake Evie,Illinois
215,Rochell,Wuckert,385.596.4799,m,56631 Beier Cliff,Clintview,Washington
216,Von,Rau,(122) 214-1601,f,5770 Pfannerstill Loop,West Mackenziefurt,Rhode Island
217,Craig,Graham,993-824-8286,f,440 McGlynn Inlet,Port Alfredia,North Dakota
218,Soon,Daniel,1-471-074-6252,f,84203 Schumm Causeway,Larkinstad,New Hampshire
219,Chung,Larkin,(982) 858-7689,m,65920 Bauch Plaza,East Rolf,Louisiana
220,Irving,Weimann,189.846.7948,m,449 Jesus Cliffs,Lake Sadeside,Nevada
221,Ali,Dibbert,731-432-8418,f,650 Santiago Hollow,New Frederic,Arizona
222,Merrilee,Wiegand,(512) 387-0685,m,751 Block Rest,Schoenburgh,Maine
223,Doretta,Hackett,(783) 078-7358,m,8454 Beahan Plaza,Raymondmouth,Illinois
224,Tracey,Kautzer,341.297.0949,f,360 Verona Cliff,South Elainastad,New Jersey
225,Gary,Torphy,171.181.7017,f,29670 Anderson Station,Mariannatown,Indiana
226,Jasper,Mante,(299) 515-9249,m,935 Graham Divide,Jaskolskiborough,Arizona
227,Shelton,Conn,1-770-458-2472,m,92243 Nienow Club,Kevenborough,Florida
228,Arlen,Schmitt,540-829-0919,f,974 Jacobi Knoll,West Lynellland,Hawaii
229,Vera,Herzog,775.029.9486,m,306 Avelina Parks,Danutaborough,Alabama
230,Annett,Mayert,(540) 874-1866,f,143 Efrain Neck,Port Neilport,Wyoming
231,Keturah,Thompson,(377) 430-7034,m,720 Nienow Fork,East Peggyville,Virginia
232,Eugenia,Hirthe,(240) 922-5439,m,80058 Charita Trail,Franeckibury,Wyoming
233,Lashell,Daugherty,756.720.7303,m,95244 Herman View,Port Leenaton,Rhode Island
234,Frida,Walker,(588) 639-2168,f,550 Cletus Passage,New Tonistad,North Carolina
235,Raymon,Stark,594.460.8415,f,339 Rohan Loaf,Rudytown,Utah
236,Morgan,Cummerata,1-874-462-3184,f,110 Boyer Stravenue,Hodkiewiczport,Indiana
237,Aurea,Kertzmann,433-286-1190,m,617 Lyn Garden,Port Natividad,Arizona
238,Tianna,Kirlin,(877) 050-6430,f,92158 Theron Lodge,New Kristinamouth,Connecticut
239,Tiffani,Lang,415-849-9410,m,556 Gerlach Mountain,Port Eusebio,Pennsylvania
240,Adriana,Bechtelar,303.757.4456,f,98379 Antonia Springs,Bodemouth,Nevada
241,Raul,Schmidt,(539) 390-1929,m,613 Keebler Hollow,Jettaburgh,Florida
242,Emile,Johns,301-220-1100,f,2213 Boyer Falls,East Luciano,Alabama
243,Emmie,Reilly,112.688.9819,f,66600 Samella Turnpike,Lake Araceli,Alabama
244,Maryann,King,583-786-4968,f,9735 Keebler Parks,Rosannafort,Michigan
245,Drew,Stokes,1-499-657-8194,f,459 Phillip Lights,South Darinville,Nevada
246,Jerome,Witting,252-359-2334,f,338 Eugene Stream,Lake Kym,Michigan
247,Rich,Fritsch,184.246.5762,f,323 Mertie Unions,North Tanja,Connecticut
248,Ayesha,Dickinson,(617) 881-1066,f,35849 Blanda Passage,Gutmannfort,North Carolina
249,Dominick,Pagac,(760) 184-5446,m,2247 Gutkowski Lane,Blandatown,California
250,Noah,Abbott,544.165.3559,m,628 Raynor Gateway,New Delphaburgh,Georgia
251,Arnold,Torphy,820.403.1181,f,4158 Waelchi Passage,East Stella,New York
252,Emiko,Hamill,826-649-5158,m,1828 Hilpert Greens,Ashantiburgh,Oregon
253,Eleanore,Goldner,1-690-158-8431,f,61836 Ula Cape,West Remashire,Hawaii
254,Shela,Langworth,1-280-672-7080,f,61914 Keven Mission,Denishaton,Connecticut
255,Ian,Gleason,(470) 394-2106,f,8388 Thiel Centers,South Dariabury,Florida
256,Assunta,McClure,1-532-492-6465,m,87416 Brianna Green,North Lorinaton,Vermont
257,Rosanna,Kassulke,1-175-966-6588,f,6274 Ernesto Overpass,West Ramonmouth,Ohio
258,Clement,Tromp,1-444-109-7812,m,262 Ronald Mountain,West Burton,Alabama
259,Tanna,Bernier,711-576-9594,f,263 Murray Brooks,New Cicelymouth,Nevada
260,Jen,Cole,1-734-505-9535,f,1867 Joan Common,Francineberg,Oklahoma
261,Yu,Rodriguez,1-391-573-2629,f,9176 Reinger Square,East Royce,Iowa
262,Wallace,Rempel,619.082.5620,m,72067 Bode Grove,Padbergmouth,Nevada
263,Stefani,Kihn,1-659-155-3303,m,71753 Jenkins Lane,South Lyndon,Nevada
264,Latia,Heathcote,360-067-6753,m,140 Patricia Via,Lake Danilo,Florida
265,Shalon,Veum,1-827-188-6191,m,995 Howard Ports,Murazikland,Utah
266,Mikki,Morar,255.951.3726,f,65270 Francesco Plains,West Lyndonmouth,Oregon
267,Chang,Turcotte,1-687-804-1018,m,1940 Jaskolski Curve,Ardathton,Illinois
268,Sidney,Gleason,268.670.2112,f,84245 Kamilah Oval,Magdalenaport,Hawaii
269,Lawerence,Terry,308.764.0747,f,137 Maura Manor,Marilynfurt,Idaho
270,Steve,O'Hara,1-639-412-1255,f,8025 Patience Mall,New Neal,Oregon
271,Diedre,Ratke,981.651.3142,m,127 Runolfsdottir Ford,Murazikborough,North Dakota
272,Avril,Abernathy,1-309-746-1223,m,588 Schaefer Keys,Kovacekstad,Illinois
273,Bruce,Jast,327.840.1265,f,6720 Schneider Track,Jakubowskifurt,Connecticut
274,Tim,Auer,971.708.7844,f,5024 Ziemann Underpass,Lake Lavern,Oklahoma
275,Season,Berge,156-550-5812,m,886 Predovic Loop,South Pennitown,New Mexico
276,Donny,Kulas,1-784-794-3637,m,1232 Whitley Viaduct,Bretburgh,New York
277,Joel,Kreiger,(867) 569-8473,m,4636 Quigley Fields,Mertzborough,Delaware
278,Wanita,Huel,844.182.8379,f,96866 Shanahan Ports,Reggiehaven,Mississippi
279,Brooks,Mayer,441.744.2633,f,952 Tillman Rapids,New Corinnaberg,Wyoming
280,Mercy,Prohaska,1-420-210-6469,m,84387 Jae Shoal,Port Floyfort,North Dakota
281,Paula,Mann,1-150-403-7859,f,5899 Lang Crossing,Rueckerview,Alabama
282,Angla,Cole,1-134-274-0200,m,4955 Bogan Freeway,Mayerport,Idaho
283,Kimbra,Shanahan,604.565.2282,m,66018 Fritsch Underpass,Jermaineburgh,California
284,Elfriede,Gibson,(657) 013-0199,f,2271 Jesse Summit,McKenzieport,North Dakota
285,Jeff,Schimmel,(602) 047-5426,m,5955 Brakus Pine,North Victor,Arizona
286,Carmine,Reinger,(830) 262-5844,m,822 Hyatt Unions,Port Jacques,Maryland
287,Jesus,Heidenreich,(818) 470-4288,m,27392 Wilkinson Junctions,Ermelindamouth,Massachusetts
288,Rosaline,Bode,946-929-3178,m,1614 Bartoletti Oval,Loweberg,Oregon
289,Von,Brown,350-696-7009,f,716 Dwain Park,Boscofort,North Carolina
290,Claud,Lynch,1-852-449-0728,f,670 Stark Ville,East Armando,New Jersey
291,Lilli,Schulist,(706) 354-6766,m,9156 Volkman Walks,New Katharyn,Delaware
292,Sebastian,Stark,(237) 836-7122,m,2397 Bogan Trail,South Mary,Nevada
293,Ellan,Aufderhar,900-942-7685,f,23004 Klocko Inlet,Framiview,Iowa
294,Clayton,Schroeder,299.265.9562,f,1318 Heller Forks,Naomaberg,New Jersey
295,Florance,Franecki,(133) 479-0353,f,38839 Robel Grove,Kuhlmanton,Georgia
296,Yoshiko,Nader,1-285-337-5670,m,3113 Jean Mountain,Breannton,Virginia
297,Fritz,Bailey,1-456-464-4849,f,48367 Jacinto Ports,Leonburgh,Wyoming
298,Blaine,Schiller,694-149-3332,m,21290 Ziemann Park,Zemlakland,New Hampshire
299,Abigail,Runte,489-517-0026,f,14632 Jaymie Causeway,South Michal,Oklahoma
300,Pierre,Rippin,(131) 006-6309,m,72096 Schultz Plains,Lake Lucinda,Vermont
301,Teena,Breitenberg,964.543.0053,f,1805 Schiller Pine,Antioneborough,Virginia
302,Rosendo,Reynolds,(723) 506-2276,f,16153 Shanahan Row,Lake Risaland,Virginia
303,Jeffery,Bechtelar,777.831.3200,f,7344 Dominique Groves,Lake Adalinemouth,Idaho
304,Linwood,Botsford,(786) 113-6422,f,536 Sophie Valley,North Carisahaven,Oklahoma
305,Marline,Kertzmann,(437) 516-7368,m,80167 Neal Drive,Valborough,South Dakota
306,Jed,Dare,1-923-882-3932,f,3745 Lisandra Gardens,Quigleyville,South Dakota
307,Wm,Hettinger,1-184-726-2073,m,637 Merideth Pike,West Sunday,North Dakota
308,Adah,Welch,700-184-7819,m,782 Adrianna Road,Keelingmouth,Oklahoma
309,Willian,Thompson,105.135.0638,f,1306 Hessel Fork,North Mohamed,New York
310,Bo,Bartell,244.269.5752,m,1768 Louis Ramp,Brittnyhaven,Mississippi
311,Elden,Crooks,1-469-416-1060,f,143 Hilll Gardens,South Shellatown,Missouri
312,Daniel,Casper,(764) 592-7164,f,1374 Bayer Tunnel,Stacishire,North Carolina
313,Marcelino,Lind,644.669.2500,f,480 O'Reilly Junctions,Gradyhaven,Indiana
314,Bryce,Herzog,(511) 433-1572,f,388 Dino Common,West Tristan,Pennsylvania
315,Karmen,White,850-570-6693,f,5868 Giuseppe Views,West Lonnaton,Wyoming
316,Arthur,Murray,(292) 006-6765,m,21476 Greenfelder Heights,Candrashire,North Carolina
317,Daphine,Hills,1-188-182-8836,m,595 Jenkins Valleys,West Rey,Illinois
318,Tina,Wehner,863.821.5401,f,642 Schamberger Lights,South Carmenhaven,Michigan
319,Jerry,Dach,(254) 246-1864,m,93396 Hansen Union,Brunildaberg,Idaho
320,George,Goyette,977-786-0126,m,77322 Toy Prairie,East Tienmouth,Michigan
321,Paula,Abbott,(442) 637-2790,m,8427 Leandro Crest,Garrettbury,New Mexico
322,Pierre,Satterfield,267.725.4690,f,476 Haag Mill,Sherrylland,North Dakota
323,Fatima,Leannon,(760) 942-4617,f,278 Franecki Estates,Port Tamar,Florida
324,Asa,Leuschke,(210) 774-2306,f,425 Stephen Hill,West Marcellusshire,New Hampshire
325,Brooks,Stanton,536-109-9454,m,90197 Rudolph Cape,New Stanton,Kansas
326,Stan,Zieme,548-850-3496,m,411 O'Connell Row,Towneview,Pennsylvania
327,Leandro,Emard,598-316-3551,m,460 Jere Dam,Okunevafort,Florida
328,Tennille,Gleason,1-529-992-6546,m,4231 D'Amore Port,Quyenport,Massachusetts
329,Wilbert,Torphy,130.885.7317,m,6590 September Skyway,Veummouth,Rhode Island
330,Theo,O'Kon,(247) 617-9979,m,13433 Homenick Keys,Parisianview,Mississippi
331,Herbert,Botsford,(858) 138-4353,f,7440 Huels Port,Rippinchester,Hawaii
332,Keneth,Botsford,925-906-5497,m,430 Ardis Points,Rafaelport,Mississippi
333,Garret,Adams,987-524-1334,f,89638 Douglas Island,Tobiastown,Michigan
334,Keith,Rath,(170) 305-1263,f,1863 Mei Field,Cartwrightshire,Colorado
335,Arianne,Ziemann,671.255.6334,m,995 Schamberger Burg,Schambergerbury,Missouri
336,Hedy,Stracke,893.701.9254,f,249 Hoeger Prairie,Carterfurt,Maryland
337,Lakesha,Denesik,1-197-417-6387,m,745 Feest Highway,South Clint,Idaho
338,Samuel,Lynch,537.059.5705,f,388 Sherice Common,Solmouth,South Carolina
339,Forest,Windler,1-521-791-2790,f,8088 Schulist Manors,Jaredfort,Montana
340,Dreama,Sauer,1-436-687-9373,m,189 Bashirian Roads,Alvafort,North Carolina
341,Corie,Medhurst,1-494-849-4775,f,645 Langworth Landing,Schowalterchester,Maine
342,Arianna,Boyer,1-430-526-6172,f,789 Julian Ports,Labadieport,Alaska
343,Suanne,Senger,1-570-822-9138,f,29956 Delisa Park,New Chanel,Iowa
344,Jerrod,Kerluke,898-572-2194,f,9323 Keeling Inlet,West Estrella,Arizona
345,Marylynn,Spinka,1-804-422-9093,f,8753 Erick Road,West Elzashire,Minnesota
346,Porfirio,Mueller,357.551.0882,m,47856 Sauer Mount,New Danchester,Hawaii
347,Ha,Fadel,218-425-1512,m,43276 Lurline Harbors,Greenview,Kentucky
348,Terrell,Casper,431.898.2655,m,4798 Goyette Villages,New Charoletteside,Hawaii
349,Lester,Bashirian,963.302.7289,f,970 Blaine Mission,Port Lydaburgh,Idaho
350,Virgil,Spinka,401-414-4892,f,87638 Cornelius Parkways,Monahanmouth,Florida
351,Jamel,Botsford,541-859-3487,m,541 Kalyn Centers,Jonesshire,Hawaii
352,Christopher,Pagac,170-985-9898,f,572 Brett Ramp,South Jordon,Washington
353,Emory,Ryan,(560) 682-2767,m,2174 Morar Dale,Maganborough,Virginia
354,Herminia,Mante,(417) 016-2259,f,64247 Gulgowski Trail,Lockmanmouth,Kansas
355,Eldon,Kuhlman,500.731.1987,m,463 Jesica Cape,Donnellystad,Iowa
356,Willy,Greenholt,1-338-956-8373,f,295 Bradtke Club,Abshiremouth,Hawaii
357,Marcellus,Morar,1-816-957-7358,m,273 Ratke Well,New Jestinehaven,Kansas
358,Jacquelynn,Crooks,717-638-2942,m,4732 Kym Spur,Swaniawskiberg,Oregon
359,Vince,Schiller,907-561-7653,f,6609 Jacobs Square,North Earl,Texas
360,Jolynn,Rodriguez,1-584-560-2740,f,875 Mohammad Meadows,South Louisaberg,Nebraska
361,Rudolph,Will,1-983-637-7290,f,130 Marivel Greens,Lionelview,Rhode Island
362,Boris,Turner,1-642-747-4702,f,29982 Gutkowski Square,Capriceside,California
363,Deshawn,Lindgren,1-985-943-2665,f,589 Schiller Road,South Todburgh,Kansas
364,Robby,Mitchell,(947) 047-6331,f,379 Genaro Vista,Port Vincenzo,South Carolina
365,Roman,Huel,1-180-816-4982,m,47089 Myron Ranch,Port Robbi,Utah
366,Lacie,Kshlerin,268-860-1118,m,837 Jana Island,Port Samuel,Nebraska
367,Merrill,Nolan,(367) 560-0832,f,944 Tanna Mountains,Port Jenna,New Mexico
368,Kourtney,Schoen,869.488.8122,f,105 Weber Station,Lake Junitahaven,Missouri
369,Dion,Hills,510-258-9934,m,33199 Fausto Springs,Kesslerton,Washington
370,Betsey,Schulist,978-503-9606,m,94084 Jones Inlet,East Annabelle,Nevada
371,Hong,Jerde,568-730-2408,f,114 Lebsack Glens,West Lue,Alaska
372,Natalya,Goodwin,(889) 446-8857,f,2136 Sadye Camp,Saulmouth,Wisconsin
373,Tai,Leffler,757.358.5354,m,4962 Hilpert Manors,Port Ashleighfort,Vermont
374,Wesley,Hartmann,1-235-673-4042,f,951 Altenwerth Canyon,North Lisabeth,New Hampshire
375,Aretha,Lindgren,(496) 283-6470,m,482 Schiller Grove,Mickichester,Mississippi
376,Byron,Effertz,150-519-6254,f,553 Wuckert Loop,Walshchester,New Hampshire
377,Owen,Cremin,1-269-942-5998,m,2130 Quincy Turnpike,South Rafaelbury,Massachusetts
378,Olen,Flatley,1-292-529-0010,m,99559 Sharell Forge,North Hector,Montana
379,Harland,Brown,1-186-110-1815,m,4363 Inocencia Branch,New Twilaview,Indiana
380,Annmarie,Cormier,345.311.1942,m,2264 Gorczany Keys,Andreasstad,Pennsylvania
381,Harlan,Legros,1-261-311-1572,m,9366 Cummings Extension,Gemmamouth,Arizona
382,Joaquin,Wuckert,1-387-680-2170,f,981 Howell Points,Kreigerton,Minnesota
383,Ardell,Goodwin,909-762-3202,f,295 Yolando Fort,Lake Al,Nebraska
384,Steve,Dach,(103) 006-4143,m,1103 King Manors,South Fidel,North Carolina
385,Dane,Luettgen,1-484-241-8324,m,334 Bahringer Burg,Taview,Georgia
386,Houston,Roberts,931.340.3959,m,454 Dickens Route,West Obduliashire,Illinois
387,Maryanne,Huel,1-722-936-8778,m,61214 Boyle Canyon,North Carmel,Indiana
388,Javier,Pagac,1-932-238-0423,f,381 Bernhard Glen,South Leotown,North Carolina
389,Elizabeth,Morissette,(498) 154-3957,f,192 Coretta Plaza,Lewisside,New Jersey
390,Delma,Reinger,740.017.5714,f,819 Dominique Radial,New Juanville,Missouri
391,Louie,Zboncak,(197) 513-5517,f,595 Lawanna Crossing,Warnerside,New Mexico
392,Salvatore,Roberts,1-308-682-8898,m,917 Hope Parks,Christalport,West Virginia
393,Mayra,Ledner,(365) 362-8036,f,63763 Barton Stravenue,North Elisamouth,Arizona
394,Graig,Dibbert,985.016.5744,f,622 Corie Square,Morarhaven,Ohio
395,Ivy,Barton,1-202-364-8676,f,41620 Zaida Cliff,Angleafort,New Mexico
396,Russel,Lang,1-444-824-9820,m,25288 Aurelio Mill,New Dylan,Arkansas
397,Regine,Hodkiewicz,(581) 666-4248,f,331 Lisandra Views,North Wilbert,Oregon
398,Harley,Ortiz,(137) 612-5397,f,942 Streich Branch,Cristalmouth,Massachusetts
399,Kallie,McDermott,(923) 002-7818,f,604 Clay Locks,New Conchita,Delaware
400,Elwood,Schaden,309-407-2355,m,76411 O'Connell Courts,Kaliport,Texas
401,Tressie,Hansen,662.426.2727,m,620 Nga Shoals,Nicolastown,Louisiana
402,Betsy,Hand,1-121-567-3210,m,30481 Emmitt Street,Lake Kimberly,Arkansas
403,Levi,Gislason,(573) 546-3910,m,674 Leffler Centers,Lake Numbers,New Jersey
404,Billy,Renner,1-321-527-4011,m,7308 Blair Brooks,Lake Lenard,Minnesota
405,Luke,Moore,472.781.0514,m,4897 Kertzmann Camp,Marisolburgh,Kentucky
406,Howard,Schaden,413-787-1669,m,327 White Springs,New Karanport,South Dakota
407,Twana,Maggio,1-688-125-6571,f,28259 Bergstrom Junctions,Krajcikbury,Illinois
408,Noriko,Rogahn,1-350-413-4548,m,359 Jame Course,North Chassidyport,South Dakota
409,Wilburn,Paucek,327.616.4109,f,290 Mistie Junction,Fisherport,Minnesota
410,Karl,Dooley,155-035-4871,m,75219 Tromp Vista,Andreafurt,New Mexico
411,Mara,Hudson,776-499-4550,f,9878 Xiomara Coves,New Shauntaborough,Illinois
412,Heath,Kris,113-694-4424,m,77540 Rolland Circles,Reingertown,North Dakota
413,Rigoberto,Paucek,(243) 942-6275,m,3100 Kasey Station,East Deshawn,Colorado
414,Soila,Hane,(283) 752-4849,f,14785 Johns Plain,Wiegandstad,Texas
415,Sharon,Klein,931.315.2033,m,91403 Esteban Gardens,South Jerryport,West Virginia
416,Jesenia,O'Hara,1-987-607-3106,f,94861 Parisian Heights,North Estellstad,Tennessee
417,Miquel,MacGyver,706.813.5870,f,750 Wilkinson Port,North Wade,Minnesota
418,Louis,Rau,(734) 977-2647,m,8878 Rosenda Light,Boganland,West Virginia
419,Gertha,Mitchell,(165) 355-0619,m,4085 Funk Curve,East Shera,Utah
420,Tama,Dach,(554) 798-1554,f,9847 Alaine Passage,Ozzieport,Vermont
421,Adriane,Morar,1-805-948-1063,f,624 Osinski Shores,Rogahnport,Arizona
422,Ronda,Klein,893.540.1323,m,11988 Lesch Trail,Schillerhaven,Florida
423,Dallas,Ruecker,1-450-119-0298,m,41023 Candace Crest,Lake Stacee,Colorado
424,Maricela,Botsford,1-912-697-5689,f,4692 Glover Landing,North Camelliaborough,Oregon
425,Renee,Prohaska,431-230-8082,m,858 Abernathy Crest,Corneliachester,Iowa
426,Clyde,Rutherford,1-707-315-2115,f,630 Huels Fort,West Olin,New York
427,Herman,Kilback,(630) 936-8967,f,8760 Hanh Islands,North Oma,South Carolina
428,Emmanuel,Hirthe,283.155.3735,m,27411 Katrina Trail,Moorefort,Illinois
429,Robbin,Barton,1-500-055-4829,m,242 Zackary Turnpike,Kesslertown,Connecticut
430,Valentin,Rath,1-422-259-7747,m,62659 Scarlet Divide,Lake Jesus,Kentucky
431,Hyacinth,Streich,581.498.0164,m,55302 Robbie Parkways,Blandaside,Nebraska
432,Len,Denesik,292.245.6023,m,9201 Witting Mission,North Tierraport,Arizona
433,Carlene,Koss,1-749-726-0434,m,66186 Rudolph Ridges,New Idella,Oregon
434,Erma,Casper,384.210.5796,f,9941 Maryln Islands,Spencerville,Maine
435,Janae,Denesik,(557) 605-7493,f,856 Ralph Cove,Lizburgh,South Carolina
436,Jeffrey,Hermann,(961) 784-9686,m,985 McDermott Drive,Wisokybury,Delaware
437,Myra,Adams,174.151.0343,m,640 Morissette Square,Wildermanburgh,Arkansas
438,Oliver,Koepp,1-281-588-8796,f,990 Thompson Point,Cassinborough,Wisconsin
439,Romeo,Thompson,1-683-271-2245,f,139 Weimann Glens,Lanebury,South Carolina
440,Ryan,Harvey,273.304.5953,f,25282 Stark Mission,Madisonburgh,New Mexico
441,Tory,Fahey,744-796-9664,f,422 Goodwin Streets,Port Albert,Wyoming
442,Wynell,Willms,118-024-8376,f,98323 Lyndon Row,New Clarinda,South Dakota
443,Etsuko,Bahringer,777.964.9205,m,5220 Howe Spurs,East Kala,Maine
444,Salvatore,Davis,(238) 953-0496,f,766 Shanahan Walk,VonRuedenbury,Texas
445,Marcie,Paucek,(444) 719-8710,m,500 Kuhic Mission,Gilside,Oregon
446,Jeffrey,Purdy,1-587-378-4281,f,8861 Davis Groves,Angelofort,Arkansas
447,Patrick,Collier,1-328-631-0202,f,862 Carma View,Franeckifurt,Maine
448,Deshawn,Stokes,(885) 075-6879,m,969 Ward Squares,West Ethan,Utah
449,Zack,Gulgowski,577-918-4425,f,61169 Rowe Skyway,Kleinborough,Maine
450,Serafina,Friesen,1-480-700-3868,f,47194 Georgianna Burgs,Bobbiview,Kentucky
451,Hermine,Kulas,(178) 374-9556,m,23855 Pagac Keys,Lake Marylynton,Hawaii
452,Grant,Raynor,(418) 872-9491,f,217 Fahey Grove,Wilburburgh,Tennessee
453,Ali,Hintz,1-140-135-7878,m,22898 Alayna Branch,Lorenzomouth,Wisconsin
454,Socorro,Dietrich,785.929.2205,f,19057 Flatley Prairie,New Jamal,Georgia
455,Deane,Grimes,1-308-316-5304,m,856 Randell Rapid,New Marshallville,Vermont
456,Araceli,Reichert,966.204.9463,m,96959 Rodriguez Mount,Fosterview,Louisiana
457,Shea,Olson,1-547-378-4832,f,39695 Natividad Mews,Gilbertoside,Alaska
458,Josefina,Daugherty,938.974.8137,f,19310 Shawn Run,East Johnathan,West Virginia
459,Tanner,Nader,(633) 415-8784,m,87943 Junie Field,South Eloisfort,North Carolina
460,Paris,Johns,792-786-5660,f,89938 Abernathy Greens,East Agustinachester,Florida
461,Melba,Hane,990-483-5834,f,8870 Huels Mountain,Robertshire,West Virginia
462,Deandre,Mann,1-929-851-5282,f,307 Ankunding Mountain,Lake Maggie,Indiana
463,Edra,Carroll,(921) 076-8522,f,421 Pfeffer Camp,Alexanderfort,Hawaii
464,Leo,Treutel,1-898-236-6376,f,547 Erich Springs,Reynoldschester,Idaho
465,Ian,Miller,675.306.9476,f,859 Mraz Manors,Carlitafort,Georgia
466,Jacob,Dicki,461-656-8435,m,86792 Bosco Garden,South Garth,Washington
467,Tesha,Ziemann,(342) 762-1236,f,5597 Jill Mews,Eugeniostad,Wisconsin
468,Cruz,Hirthe,684.473.5388,f,37076 Cordell Meadows,South Alec,Vermont
469,Elise,Lueilwitz,216-800-7191,m,542 Herman Pike,North Gregorio,North Dakota
470,Agustin,Swift,535.659.3797,f,30671 Gutkowski Court,Kellyburgh,Oklahoma
471,Betsy,Schultz,1-184-199-4127,f,7012 Kub Ports,East Broderick,Colorado
472,Marnie,Strosin,585.536.3246,f,75558 Stacie Burg,West Dominque,California
473,Ambrose,Robel,1-936-141-0614,m,53488 Collin Shore,East Augustinaborough,New York
474,Elisha,Walsh,1-410-398-0057,f,995 Nelly Track,Lake Phebeville,Wyoming
475,Josefa,Cormier,508.196.9955,m,2120 Keneth Turnpike,Jalisamouth,Wisconsin
476,Seymour,Homenick,416.710.8842,m,37631 Ruecker Course,North Robbie,Arkansas
477,Criselda,Okuneva,734.720.6789,m,9579 Sachiko Path,Juliannechester,New Mexico
478,Dudley,Botsford,1-187-345-2375,f,54411 Muller Gardens,Clydemouth,Idaho
479,Rodney,Kulas,1-357-353-4861,f,14383 Pete Mission,Lake Marcellus,Tennessee
480,Chad,Stiedemann,376-537-0583,f,57051 Angeline Ports,East Gale,Arkansas
481,Madeleine,Deckow,1-165-345-1754,m,627 Haag Spur,Janfort,Wisconsin
482,Reta,Sauer,689-642-8450,f,479 Marna Ridges,East Seasonport,Mississippi
483,Sharie,Jakubowski,1-395-277-1832,f,36734 Murphy Land,Dickinsonberg,New Jersey
484,Byron,Goodwin,(939) 617-4046,f,418 Herb Parkways,Katharynmouth,Arkansas
485,Hildegarde,Breitenberg,281-557-8457,m,447 Hand Brook,Chrisport,Georgia
486,Thad,Jacobson,1-395-898-8296,f,15735 Shawnta Parkways,Port Gary,Louisiana
487,Haywood,Gutkowski,528-730-6937,f,819 Joycelyn Courts,O'Konmouth,California
488,Emmett,Larson,420-644-2420,f,6497 Altha Spur,New Elmerhaven,Kentucky
489,Salvatore,Kuhlman,1-470-269-4730,f,40372 O'Hara Tunnel,Conroyfurt,Maine
490,Lillia,Pfeffer,(985) 541-5323,m,42115 Prohaska Forges,Port Asiaberg,South Carolina
491,Man,Bogisich,1-767-653-4947,m,8690 Kurtis Island,Port Susann,Virginia
492,Zachariah,MacGyver,188-386-4531,f,342 Lita Expressway,Barbview,Delaware
493,Yong,D'Amore,343.054.6541,m,71184 Schowalter Parkways,Jerrellmouth,Connecticut
494,Jeanette,Hermiston,554.689.5337,f,22339 Kertzmann Bypass,West John,Florida
495,Larisa,Stracke,(838) 038-6192,f,8826 Sanda Street,Batzmouth,Wisconsin
496,Pamella,Kuhn,473-213-0455,f,139 Yanira Highway,New Cedrick,Kentucky
497,Donnell,Abbott,620-756-2256,f,4071 Donna Isle,Robertstad,Michigan
498,Miguel,Collins,668.071.4965,m,3984 Tremblay Lock,Judeland,Rhode Island
499,Kary,Deckow,921-074-9047,m,83766 Walter Islands,East Denitamouth,Texas
500,Mitch,Kihn,250-436-7950,f,748 Sherice Run,Lake Lasonya,Hawaii
501,Arron,Gorczany,783.827.6988,f,32598 Thomas Streets,Stehrstad,Wisconsin
502,Wendell,Beatty,174.399.8693,f,70029 Lockman Pass,Metzberg,Tennessee
503,Toi,O'Keefe,(139) 356-6753,f,351 Beula Mountain,Lake Audriafurt,Ohio
504,Tenesha,Zboncak,(284) 463-0689,m,857 An Station,Rippinbury,Delaware
505,Zelda,Koch,957.959.6679,f,22314 Hyman Inlet,North Yuette,Massachusetts
506,Synthia,Lang,(669) 727-1883,m,46891 Lara Gardens,Streichmouth,North Dakota
507,Lilliam,Larkin,911.220.3508,f,25918 Hessel Knolls,South Victoria,Pennsylvania
508,Ezekiel,Hettinger,866.652.0841,m,65581 Sadye Club,Powlowskiberg,Florida
509,Loyd,Smitham,1-442-624-6805,m,68500 Wolf Island,Strosinchester,Oklahoma
510,Wilbur,Marks,(319) 935-0479,m,196 Tyron Loop,Lynchton,Nevada
511,Tayna,Powlowski,455-325-4461,m,123 Simon Crossing,Genieburgh,Michigan
512,Emilia,Dooley,904-102-6357,f,380 Hane Bypass,South Garry,Illinois
513,Jae,Corwin,652-189-0670,m,30000 Violeta Fords,West Stacy,West Virginia
514,Nestor,Hauck,239.352.2039,m,47915 Babette Lodge,Port Rosario,Illinois
515,Gaylene,Boehm,1-257-571-1112,m,412 Rowe Greens,Shemekatown,Louisiana
516,Corinna,Ernser,1-878-162-2287,m,2207 Wintheiser Stream,Port Miles,Mississippi
517,Vern,Christiansen,(405) 030-4028,f,5529 Jerrica Common,New Aracelyshire,Oklahoma
518,Donald,Johnson,(194) 517-3871,m,68535 Asuncion Row,Newtonton,Oregon
519,Bobbie,Wunsch,(934) 703-9607,f,3080 Weimann Road,Port Gino,Louisiana
520,Joesph,Bayer,163.510.2038,f,92335 Emil Vista,Jamarstad,Louisiana
521,Desire,Zboncak,1-143-916-8922,m,44329 Burt Bridge,Derickfort,North Dakota
522,Thad,Schmeler,1-620-718-7890,f,2505 Koepp Dam,Marquardtton,Utah
523,Alfonzo,Wisoky,536.939.2629,f,702 Eli Walk,Hintzborough,Alaska
524,James,Schumm,782.432.2151,m,16907 Fredric Circle,North Carlitaland,Colorado
525,Cliff,Walter,1-441-589-6992,m,4694 Lemke Walks,Alonaberg,Texas
526,Geraldine,Bogan,595.523.3836,f,153 Ebert Lodge,Lake Kimberlee,Rhode Island
527,Vennie,Abernathy,650-387-7685,m,344 Lita Springs,Normandhaven,Michigan
528,Brian,Hudson,382.528.1196,m,463 Francesca Turnpike,New Tenishaberg,Mississippi
529,Kendall,Spencer,1-987-209-0020,m,86874 Wisoky Trafficway,New Hermanberg,Maryland
530,Ardelia,Murphy,1-153-011-6478,m,8658 Elenora Road,West Arlie,New Mexico
531,Johnnie,Blick,(949) 019-7692,m,523 Kip Stravenue,West Barberamouth,Texas
532,Kathlene,Donnelly,(617) 501-2163,f,6529 Weber Lock,South Fletaville,Pennsylvania
533,Josue,Fisher,710.869.9181,m,2903 Walker Mills,East Chance,Florida
534,Justin,Beahan,752-850-8312,f,55691 Littel Junctions,New Robport,South Carolina
535,Priscila,Dietrich,174.785.1966,f,461 Katina Views,Lake Denver,Vermont
536,August,Nikolaus,833.204.4639,f,6233 Berge Loop,Zboncaktown,New Hampshire
537,Enid,Friesen,(291) 433-4240,f,48949 Dietrich Crossing,Lake Clemente,Idaho
538,Val,Brakus,134-400-8588,f,94827 Georgine Pass,North Jaime,Wyoming
539,Shad,Emard,(355) 733-1104,f,94479 Sterling Fall,Auerfort,Indiana
540,Lourdes,Schoen,1-575-124-5058,f,380 Selina Highway,Pazmouth,Alabama
541,Lilian,Yost,(521) 360-8986,m,5243 Kemmer Islands,East Lakeisha,Vermont
542,Danika,Prohaska,998.413.1737,m,196 Olene Plaza,Howellmouth,Vermont
543,Kristofer,Zieme,705-834-4126,m,8036 Steuber Shore,Keeblerville,Hawaii
544,Jacinto,Kris,1-320-181-3509,f,7490 Jaime Brook,Goldieshire,Arkansas
545,Altagracia,Wehner,662-153-0366,f,578 Schmeler Flats,New Brigetteville,Tennessee
546,Heidi,Becker,629.834.5167,f,83389 Quinton Course,Lake Melinda,Kentucky
547,Leslie,Rippin,(340) 735-8594,f,39764 Raymond Knolls,O'Harafort,Hawaii
548,Casey,Johns,(436) 009-1075,m,227 Stroman Street,Ruperttown,New Hampshire
549,Sal,Swift,366.881.7005,f,37369 Smitham Center,Lake Hiroko,Arkansas
550,Carlotta,Greenfelder,1-320-155-8312,m,6479 Ebert Drives,Kertzmannside,New Mexico
551,Domingo,Gorczany,633-795-4506,f,6716 Lowe Stream,Chrismouth,Virginia
552,Jim,Witting,(414) 977-5921,f,270 Rempel Expressway,Sauermouth,Hawaii
553,Carma,Konopelski,948.004.3529,f,2486 Jon Curve,Lavernemouth,New Jersey
554,Jeffry,Krajcik,(215) 635-6114,f,6108 Haley Forges,Lake Aleneview,Utah
555,Caren,Kreiger,1-265-475-3456,m,8997 Tyrone Mountains,Altenwerthstad,California
556,Daryl,Hyatt,(826) 478-9637,f,5660 Boehm Hollow,Eltonmouth,Illinois
557,Tessa,Roob,573-497-1120,f,5950 Twanna Trace,Kutchshire,Missouri
558,Myrta,Runolfsdottir,583-529-6722,m,6871 Minda Motorway,West Veronika,Illinois
559,Miyoko,Zboncak,(367) 383-0190,m,2171 O'Conner Tunnel,New Marceline,Colorado
560,Kenneth,Gleichner,1-223-846-6358,f,8866 Mann Crest,East Agustin,Pennsylvania
561,Efren,Spinka,188-071-8641,m,218 Danilo Shore,Lonnieberg,Colorado
562,Lucila,Klein,(133) 612-2522,m,49674 Dick Lakes,Langoshfurt,Utah
563,Benny,Botsford,175.927.0486,m,330 Zieme Park,Robbymouth,Nebraska
564,Wendy,Tremblay,1-745-790-6215,f,27203 Brandon Fords,Port Gabrielefurt,South Dakota
565,Hilton,Kuhn,915.560.4133,f,9926 Horace Skyway,Hudsonfort,North Carolina
566,Parker,Raynor,1-950-587-0584,f,470 Steve Knolls,West Thomasineport,Massachusetts
567,Refugio,Reinger,1-368-952-1592,f,75889 Jermaine Crossroad,Abbottmouth,Ohio
568,Kandis,Greenholt,1-946-681-6960,m,457 Hilpert Flats,Candieburgh,Colorado
569,Yan,Brown,232.365.1206,f,1969 Barton Street,West Wiley,Utah
570,Lincoln,Pollich,(316) 543-2740,f,952 Margrett Dam,West Brian,Nebraska
571,Hilaria,Paucek,806-238-8965,f,8328 Logan Route,Kreigerberg,Washington
572,Katharyn,Bradtke,398-126-6759,m,57587 Wintheiser Turnpike,New Mathewfort,Colorado
573,Graciela,Kuhic,(760) 586-4675,m,32427 Mayer Camp,Lake Charlineview,Maryland
574,Claude,Littel,(284) 043-0997,m,5594 Dudley Branch,Trompburgh,Wisconsin
575,Tisa,Hane,881.933.3377,m,96776 Leuschke Estates,Lake Lamar,Rhode Island
576,Mose,Ankunding,112-311-8860,m,5785 Cronin Points,Keeblerview,New Mexico
577,Jadwiga,Beer,1-359-921-0237,f,82827 Ted Way,Trantowfort,New York
578,Marietta,Frami,731-664-1975,m,1858 Catina Brook,South Benjamin,Washington
579,Nga,Batz,(499) 809-4058,f,13980 Cathey Terrace,East Ramon,Colorado
580,Rachele,Corwin,(541) 617-2769,m,268 Bartell Trafficway,West Francisco,North Carolina
581,Jacob,Raynor,170-025-3982,m,7048 Schowalter Pike,Corwinberg,California
582,Vannessa,Carroll,1-796-473-4597,f,780 Alphonso Shores,Shizukomouth,North Dakota
583,Michel,Halvorson,630.084.4378,f,950 Ayana Plains,East Bobbieborough,Tennessee
584,Shemika,Waelchi,742-292-4397,f,12584 Crooks Trail,Lake Miltonmouth,Illinois
585,Katherine,Greenfelder,165-565-1541,m,90846 Kirlin Centers,Dominicktown,Wisconsin
586,Rayford,Wisozk,966-230-7586,f,138 Toy Meadows,West Elton,North Carolina
587,Verda,Hahn,1-972-902-3956,f,506 Sawayn Shores,Jacobsonton,Delaware
588,Laurence,Jones,137-031-6672,f,803 Paulene Route,O'Konland,Alaska
589,Vennie,Hyatt,327-376-7281,m,39040 Darell Pines,Gottliebland,Oklahoma
590,Jed,Heidenreich,1-692-246-9741,m,227 Anderson Port,Port Tyson,New York
591,Tanna,Dietrich,591-354-9764,m,628 Monahan Landing,North Demetrice,Oregon
592,Rusty,McKenzie,946.901.9606,f,5660 Luettgen Highway,Sanfordtown,Maryland
593,Verda,Bode,286-137-7179,m,681 Robt Harbors,Hansenton,Maine
594,Gretchen,Reynolds,612-386-0883,m,245 Bud Meadows,Cummingsburgh,Colorado
595,Robin,Little,1-172-524-2654,m,3206 Myrta Walk,South Nelidaport,Colorado
596,Tommie,Ziemann,270.715.8878,m,8632 Naomi Point,East Rolandeview,New York
597,Merle,Tromp,1-165-419-8132,m,93812 Keenan Village,North Carlo,Maryland
598,Stefanie,Renner,(160) 169-2040,f,5369 Fahey Brooks,West Edwin,Mississippi
599,Joey,Wilderman,110-661-4610,m,31970 Lyndsay Field,South Pierreview,Iowa
600,Hugo,Cartwright,(780) 806-6678,f,5393 Schumm Parkway,Littleville,New Jersey
601,Jacinto,Pfannerstill,(152) 378-9777,f,327 Lehner Grove,South Arnoldochester,Ohio
602,Quyen,Oberbrunner,148-003-3624,f,4216 Edward Dale,Shellietown,Oregon
603,Desiree,Nolan,336-807-3360,f,89279 Roxanne Curve,Daltonview,Oregon
604,Edward,Crist,698.454.1361,m,72024 Grimes Drive,Ullrichport,New York
605,Chance,Trantow,(635) 242-5392,m,527 Salvatore Ramp,Lake Carrol,Alabama
606,Cory,Blick,(909) 498-7500,f,69528 Trent Parkway,Port Bruce,Pennsylvania
607,Josh,Kuvalis,(111) 526-5062,f,609 Hackett Lodge,West Treychester,Colorado
608,Stacy,Ebert,716.199.9624,f,7969 Beier Fork,West Rae,New York
609,Dusty,D'Amore,1-471-772-6700,f,69436 Darci Street,Dungfort,New Mexico
610,Adolph,Mann,1-295-279-8819,m,322 Tania Rapid,Kirlinmouth,Connecticut
611,Bryce,Langworth,1-701-365-2536,m,133 Kulas Dale,Bergnaumtown,South Dakota
612,Quinn,Roob,(178) 238-1018,m,27269 Humberto Lights,West Cedric,Kentucky
613,Mohammed,Kirlin,(620) 423-8156,f,27012 Faye Brooks,Bahringerbury,Pennsylvania
614,Iraida,Pfeffer,1-421-637-1179,f,363 Jacobi Divide,Bechtelarberg,Missouri
615,Kendal,Lebsack,(206) 550-9131,m,26974 Cortez Rue,South Karlfurt,Texas
616,Denis,Greenfelder,158.896.3779,m,46361 Arlen Valley,East Elayne,Pennsylvania
617,Leatha,Lebsack,(660) 852-0559,m,32724 Carline Plain,Dickinsonstad,Oklahoma
618,Cristobal,Wunsch,243-076-8501,f,2437 Jesus Fort,Mosciskistad,New York
619,Isreal,Bernhard,832.677.4616,f,108 Kub Crest,Port Hiram,Iowa
620,Hilario,Blick,(938) 311-5637,f,86830 Price Ranch,Roobside,Arkansas
621,Kandis,Roob,(935) 427-2856,f,229 Lueilwitz Gateway,Lake Ezekiel,Louisiana
622,Krysta,Haag,1-219-482-7165,f,14855 Marlena Lodge,Port Domingobury,Rhode Island
623,Melody,Brekke,603-317-3265,f,9931 Fadel Stravenue,Chanelville,Rhode Island
624,Patricia,Lubowitz,(433) 253-4420,m,4576 Runte Parkways,Thielmouth,Virginia
625,Elly,Deckow,722-351-9210,m,20502 Alfonso Mall,North Martymouth,Utah
626,Sandy,Daniel,136.914.9334,m,6039 Klein Isle,East Earnest,Massachusetts
627,Contessa,Graham,499-388-4350,f,529 Lebsack Stream,Heribertoberg,North Dakota
628,Buck,Boyle,193-124-7073,m,6521 Gary Station,South Andrea,Florida
629,Elton,Purdy,654-059-2446,m,70772 Earl Harbor,North Pierre,Missouri
630,Margert,Mitchell,119.651.2865,m,9263 Wenona Pines,West Jarred,Ohio
631,Willian,Kuvalis,630.113.8088,m,489 Dustin Circle,Krismouth,Utah
632,Angelyn,Pfannerstill,(104) 163-1343,f,744 Windler Mount,New Chance,Colorado
633,Isaias,Wiegand,810-919-8322,m,700 Lanie Lake,Cristobalchester,Louisiana
634,Ulrike,Abshire,(476) 047-9560,m,9220 Margy Gardens,Byronborough,Georgia
635,Chris,Kemmer,(214) 035-2483,f,94595 Hane Drive,Lake Tracyside,Oregon
636,Shelby,Little,1-573-572-2383,m,970 Greenholt Square,Lednerfort,Indiana
637,George,Hills,132.059.5553,m,22008 Ron Roads,Mauroburgh,Hawaii
638,Herma,Breitenberg,1-392-370-1460,f,766 D'Amore Pike,Yokofort,Illinois
639,Charlsie,Mueller,230-735-1400,f,27333 Jerri Turnpike,New Tessa,Alabama
640,Delisa,Upton,175-543-7111,m,358 Omer Station,Janisfort,New Jersey
641,Kenton,Crist,210.840.0319,f,79393 DuBuque Centers,Shareestad,Connecticut
642,Austin,McKenzie,337-887-4155,f,675 Lupe Landing,West Lakeishaland,Oklahoma
643,Titus,Ryan,(154) 672-9665,m,6711 Beier Avenue,Yosttown,Oklahoma
644,Cristobal,Howell,591.588.9580,f,673 Bernardine Union,Goodwinton,Delaware
645,Wilfredo,Bruen,1-133-382-5371,f,4032 Dallas Neck,Selinaville,North Dakota
646,Gracia,Morissette,763-467-0955,m,89202 Travis Fields,Kirlinport,Maryland
647,Jeffry,Franecki,731-520-0836,f,746 Edris Cape,Rolfsonchester,South Dakota
648,Theodore,Lueilwitz,1-448-235-7618,f,344 Krajcik Street,Christianshire,South Carolina
649,Teri,Treutel,(114) 725-4430,f,46814 Elisha Lane,Simaport,Maine
650,Selena,McGlynn,(689) 686-4848,m,50744 Charlesetta Glen,West Chantal,Washington
651,Beckie,Douglas,(929) 454-4994,m,953 Koepp Cliff,Christopherside,Delaware
652,Grady,Lemke,(217) 656-4913,f,3968 Melia Street,West Faustinoshire,Oregon
653,Myles,Sanford,1-665-307-1537,m,147 Myles Orchard,Andreefort,Oregon
654,Raphael,Kozey,577.099.3619,f,6091 Reilly Courts,Durganfort,Wisconsin
655,Asa,Wiegand,1-541-687-7779,f,4317 Stark Ridge,Lake Delshire,Montana
656,Romeo,Gerlach,950-637-3126,m,26031 Piper Expressway,Port Ermelinda,New York
657,Refugio,Huels,821.283.8560,m,50527 Drew River,Langshire,Wisconsin
658,Levi,Leannon,(962) 194-8626,m,7540 Reiko Mews,Turnerburgh,Montana
659,Everett,Stokes,1-955-142-4181,m,1066 Rory Oval,Lake Gerardport,Washington
660,Heriberto,Dach,(397) 941-6458,m,4803 Andre Falls,North Jewel,Arizona
661,Duncan,Cormier,(574) 712-5866,f,152 Gislason Roads,Marlynhaven,New York
662,Ruben,Kiehn,557.941.0403,m,78866 Calista Hill,East Ezra,Wyoming
663,Kaley,McDermott,1-814-601-9851,f,26793 Sauer Lodge,West Jadwigafort,Iowa
664,Karan,Klocko,385-340-9943,f,5943 Fumiko Roads,Olsonton,Kansas
665,Donella,Labadie,532-913-4337,f,4732 Sipes Mountain,Halvorsonland,Louisiana
666,Sandy,Beahan,(237) 201-5051,m,5458 King Lights,Lake Tracey,Oregon
667,Collene,Beahan,(896) 913-9952,f,21703 Weimann River,East Maxwellstad,Delaware
668,Chantelle,Cremin,103-529-5113,m,16202 Cronin Inlet,Weimannport,Mississippi
669,Diego,Kihn,854-539-9768,m,686 Vandervort Parkways,Wolffchester,Washington
670,Earl,Upton,1-128-034-9940,f,57125 Jannie Key,South Yasmin,Georgia
671,Franchesca,Beier,1-924-919-4574,m,40004 Jarvis Valley,Ziemeview,Wyoming
672,Louis,Mraz,1-456-594-4242,f,77425 Hodkiewicz Gardens,Reyview,Texas
673,Merle,Gerhold,460-318-5220,f,240 Len Club,North Hien,Wisconsin
674,Julio,Zemlak,279.353.2641,m,4628 Ebert Orchard,North Lupeburgh,Colorado
675,Numbers,Glover,352.009.3260,f,9073 Wyatt Parkway,West Lanettefurt,Georgia
676,Nelle,Stiedemann,316-568-1110,m,8525 Russell Throughway,Port Gracemouth,Pennsylvania
677,Antonio,Hintz,204-193-4772,m,29271 Klein Trail,Gleichnerfort,Hawaii
678,Mel,Fahey,524.341.4266,m,5905 Prosacco Plaza,South Raleigh,Rhode Island
679,Guy,Emmerich,(375) 709-4997,m,6303 America Mission,Jeannettebury,Maine
680,Hai,Effertz,910.088.7815,m,13375 Lee Wall,Mathewberg,Florida
681,Tobias,Ondricka,(806) 789-0250,m,17639 Malcolm Extensions,East Daleville,Connecticut
682,Wendi,Hintz,1-947-146-8652,f,72106 Kub Pike,Reyborough,Mississippi
683,Nathanael,Schultz,320.124.0906,f,196 Virgil Hills,Littelton,Illinois
684,Neal,Pacocha,(612) 292-3597,f,592 Muller Mountains,Dudleyside,Delaware
685,Otto,Bernier,1-235-912-0472,f,583 Isreal Roads,West Hectorstad,New Hampshire
686,Hobert,Corkery,326-366-8177,m,33151 Liliana Inlet,New Kristen,Texas
687,Pedro,Bogan,1-486-021-8867,f,6809 Wilhelmina Springs,Ratketown,North Carolina
688,Woodrow,Frami,1-651-401-2002,m,389 Krystal Junctions,Bartonmouth,Rhode Island
689,Houston,Carter,358.435.4704,m,545 Bogisich Mountains,Port Ji,Alabama
690,Johnson,Kshlerin,1-849-965-3723,f,512 Hilll Valley,Kesslerside,Arkansas
691,Danelle,Marks,307-865-6395,f,731 Feeney Island,Port Asia,Virginia
692,Treena,Haag,1-368-851-4910,f,28214 Herzog Brook,Lake Mitsue,New Jersey
693,Mee,Becker,861.042.6865,m,917 Huey Canyon,Jimstad,Wyoming
694,Elton,Jerde,122.300.6153,f,942 Fritsch Wells,Kertzmannstad,Tennessee
695,Jessenia,Anderson,342.146.1637,m,4134 Tom Meadows,Hickleborough,Montana
696,Vernell,Huel,(404) 770-0475,f,2676 Balistreri Ports,Rempelshire,Alabama
697,Lyman,McCullough,315-752-2041,m,3344 Mraz Pine,Wernermouth,Montana
698,Effie,Wintheiser,558-935-4834,m,15330 Herbert Vista,Rutherfordland,Idaho
699,Sherron,Emmerich,(366) 756-0679,f,8633 Charlie Crossing,Neilborough,Idaho
700,Santos,Osinski,428.980.9325,f,5558 Danial Ville,Port Traceestad,Montana
701,Leonel,Hyatt,(224) 016-7194,m,74636 Lindgren Falls,Lake Lacy,Connecticut
702,Dannielle,Pouros,(602) 018-8759,m,908 Jeanna Locks,Gregfort,New York
703,Brice,Beatty,124.146.0915,f,936 Charley Divide,North Shanemouth,New Jersey
704,Arlie,Zboncak,1-247-438-0031,m,37477 Adam Turnpike,Rolfmouth,Michigan
705,Jefferson,Lowe,546.654.1526,f,852 Ken Island,North Margueritaborough,Kentucky
706,Agustin,Auer,(536) 244-9139,m,16055 Gertude Overpass,New Latanya,Pennsylvania
707,Clarence,Rolfson,(184) 022-7741,f,4051 Bergstrom Rapids,East Johnathon,Hawaii
708,Dia,Ankunding,(228) 996-6486,f,74782 Art Avenue,Dongborough,Alaska
709,Kip,Cummerata,234.208.5754,f,283 Gabriella Islands,South Louellahaven,Virginia
710,Myrta,Christiansen,1-531-974-9922,m,15924 Shanahan Station,Clementefurt,Iowa
711,Jacqualine,Wilkinson,(129) 611-2245,f,28828 Loriann Ridge,Lake James,Kansas
712,Lowell,Krajcik,(714) 972-9558,f,66934 Shields Knolls,Lawanatown,Maine
713,Wiley,Williamson,855-540-3627,m,5831 Schmitt Forks,Lake Broderickshire,Minnesota
714,Donte,Mann,212-925-6887,f,555 Perry Center,East Xuan,Michigan
715,Margeret,Hand,(835) 304-7470,m,3637 Alexa Canyon,Port Herb,Georgia
716,Benedict,Vandervort,1-782-036-7109,m,3544 Trudie Trace,West Frederick,South Dakota
717,Tennie,Cartwright,(215) 029-7199,f,28278 Balistreri Course,Port Sima,Montana
718,Jeffery,Wilderman,462.758.0483,f,59339 Cordelia Hills,Port Glennieberg,Vermont
719,Jerold,Bartell,384-661-2768,m,65337 Dickinson Keys,West Juanview,Vermont
720,Devora,Lakin,(659) 457-9468,m,7870 O'Keefe Plaza,Port Franklynmouth,Mississippi
721,Clarence,Bogisich,(847) 964-1993,m,268 Jospeh Gateway,North Louvenia,Ohio
722,Bettye,Williamson,768.315.0877,f,5152 Frida Mountains,Devonton,California
723,Jessie,Heidenreich,(313) 831-9767,f,807 Armstrong Pike,Leroyton,North Carolina
724,Chase,Yundt,(491) 600-2349,m,967 Murazik Plaza,Remonashire,Idaho
725,Inell,Armstrong,(377) 383-3606,f,5389 Schuppe Tunnel,Port Nubiahaven,West Virginia
726,Fe,Terry,944-271-9892,f,377 Ayana Spring,Lake Cordell,Rhode Island
727,Abdul,Weissnat,246-593-0413,m,7805 Boris Freeway,Lucasview,South Carolina
728,Raymundo,Schumm,(980) 317-5813,f,2957 Ophelia Track,New Isaura,Alabama
729,Gigi,Jaskolski,233-597-3820,f,54695 Cummerata Tunnel,Pricetown,Wisconsin
730,Enoch,Tillman,369-511-7926,f,31398 Luettgen Rapid,Port Daphnestad,Tennessee
731,Queen,Reichert,(110) 682-8667,f,76888 Waelchi Lock,Rauhaven,New Jersey
732,Graham,Kulas,560-374-3938,m,236 Jones Bridge,Mirnafort,Illinois
733,Tracie,Terry,864-362-3741,f,175 Caitlin Light,East Jeffreymouth,Kentucky
734,Carmelia,Watsica,357.146.4069,f,582 Jast Lakes,Pagacmouth,New Hampshire
735,Garth,Hilll,791-430-0201,m,555 Eva Ways,Port Lynwood,Hawaii
736,Vicente,Schultz,(496) 213-9120,m,26439 Fadel Manors,Abshireside,Arizona
737,Brandy,Ebert,(782) 592-6713,f,81824 Deanna Manor,Staceyton,Mississippi
738,Darren,Deckow,281-038-3861,m,4950 Deedra Meadow,Larsonville,Idaho
739,Nadene,Treutel,641-637-0658,m,3593 Grant Prairie,Watersview,Missouri
740,Melissa,Schroeder,1-633-337-1309,m,3112 Mosciski Ranch,Schaefershire,Arizona
741,Deane,Anderson,475.048.6886,m,447 Douglas Neck,West Contessa,Connecticut
742,Grant,Stoltenberg,918.667.2797,f,32264 Harvey Lodge,Port Cleotilde,Mississippi
743,Chaya,Spinka,681.034.7521,m,14063 O'Conner Plaza,North Malik,Indiana
744,Val,Kuvalis,636.494.2768,m,361 Koelpin Meadows,Faustinostad,Wisconsin
745,Stefanie,Schulist,(343) 566-7849,m,2352 Roland Viaduct,Jacobsmouth,Washington
746,Jeremiah,Bartell,141.026.3449,m,55659 Dane Landing,Rodriguezview,Oregon
747,Darlena,Baumbach,912-767-1273,f,681 Kertzmann Springs,Willettafurt,Oregon
748,Fidelia,Rippin,315-493-5560,m,6476 Bruen Centers,West Debroahview,Minnesota
749,Samuel,Koepp,1-557-012-5792,f,6696 Daniel Shores,Vitoside,Arkansas
750,Maryrose,Weimann,862.684.6714,f,407 Smitham Lakes,New Chong,Pennsylvania
751,Lesley,Romaguera,747-239-7587,f,8403 Forest Cape,Reginaldmouth,Idaho
752,Jacklyn,Hintz,(347) 663-8135,m,8461 Matthew Road,Harrymouth,Connecticut
753,Jamey,Kreiger,1-828-841-2671,m,476 Aufderhar Lake,Cieraside,New York
754,Lawana,Hagenes,911-008-9643,f,66904 Adams Isle,Gutmannchester,Wyoming
755,Kareem,Jacobson,579-092-7846,m,222 Walter Pine,North Ebonystad,Delaware
756,Kenny,Schaden,(568) 286-3222,f,149 Hudson Plaza,Port Jedchester,Nevada
757,Guillermo,Wolff,1-805-698-7733,f,36219 Collins Junctions,West Mitsuko,Wisconsin
758,Shirley,Wyman,196-087-1611,f,7634 Sandi Spurs,Lake Jay,Utah
759,Russell,Tillman,894.561.9846,f,29532 Eufemia Squares,West Lanny,Kansas
760,Tawana,Bradtke,1-587-910-6710,m,244 Shaina Center,Lake Valentineport,Missouri
761,Alexander,Krajcik,944.409.6076,m,34079 Nicolasa Alley,Jacobiview,New Hampshire
762,Ashton,Effertz,1-607-264-8087,m,3276 Marylin Ridge,Daughertyville,Rhode Island
763,Elton,Wiegand,293-412-3409,f,81689 Beatris Burgs,North Olliechester,Ohio
764,Luciano,Heaney,(962) 929-6468,m,7676 Wuckert Way,Kesslerborough,Illinois
765,Gerri,Hyatt,431-996-4923,f,116 Bud Stream,East Clintport,New Mexico
766,Lakeesha,Schmeler,778-453-5757,f,898 Dean Islands,North Mariella,Maryland
767,Charla,Mohr,810-467-5568,m,9941 Alexander Glen,Lake Sidton,Colorado
768,Chris,Gibson,146-884-2329,m,930 Walker Villages,Port Margret,North Carolina
769,Roderick,Adams,(429) 865-5606,m,50422 Waters Coves,Heaneyland,New York
770,Mitch,Flatley,1-925-129-2171,f,4585 Tommy Stravenue,Lake Jacqui,California
771,Bernadine,Marvin,496.852.6469,m,635 Shavon Fords,North Onamouth,Nebraska
772,Octavio,Kuhn,432.358.0436,f,245 Darwin Flats,Connellyberg,North Carolina
773,Lavelle,Green,759-487-1928,f,859 McKenzie Pass,East Augustina,Tennessee
774,Argelia,Bogan,163-530-2993,m,7037 Jaskolski Underpass,Port Trentonstad,Iowa
775,Claudio,Kuphal,587-134-0250,f,61174 Christinia Parkway,North Amosmouth,Illinois
776,Virgie,Mayer,340.199.5781,f,6548 Bartoletti Terrace,Winniemouth,Kentucky
777,Kaye,Gulgowski,785.045.5856,f,963 Eldridge Manor,Thaddeusport,Kentucky
778,Candida,Predovic,1-579-789-2535,f,6254 Britany Terrace,Myronmouth,Maine
779,Carey,Schaden,(939) 956-9159,f,77286 Leisa Radial,Powlowskiport,Louisiana
780,Errol,Welch,1-792-504-8481,m,178 Basil Road,Gradyfort,Maine
781,Cheyenne,Sporer,349.287.7049,m,952 Chong Row,Leonardoport,Georgia
782,Wm,Conroy,622.454.0488,f,75145 Celesta Spring,Lake Rusty,Texas
783,Jonah,Hamill,(735) 461-1904,m,5930 Genaro Rapid,Corkeryport,Nevada
784,Raymonde,Spencer,460.278.5423,f,259 Reynolds Hollow,New Stasiafurt,South Dakota
785,Dominique,Denesik,(665) 645-3914,f,41711 Lester Way,Lake Claudchester,Kansas
786,Truman,Stroman,1-209-026-8069,m,971 Gottlieb Tunnel,Cartwrightland,California
787,Roderick,Marquardt,(761) 985-1698,f,77467 Angel Burgs,Brentside,Minnesota
788,Belle,Lesch,244-867-5598,f,47960 Anderson Cape,Otisberg,Maryland
789,Ollie,Strosin,(925) 733-5436,m,550 Nitzsche Fords,East Galen,Delaware
790,Trena,Wilkinson,1-546-212-5799,f,7643 Towne Rest,Port Theronville,Virginia
791,Taylor,Padberg,326.358.2387,f,353 Jarred Forks,Kleinfort,Florida
792,Daryl,Runte,1-448-626-7665,f,70089 Schneider Mountain,Dwayneborough,Indiana
793,Hiroko,Thompson,(544) 486-1426,m,78294 Fay Views,Wiegandville,Maryland
794,Erna,Green,1-814-528-5626,f,989 Gulgowski Summit,East Koreychester,North Carolina
795,Elliott,Nikolaus,336-279-7878,f,6695 Sam Keys,East Benjaminfurt,Indiana
796,Claud,Rippin,614-489-6926,m,6070 Nolan Junction,Wynonastad,Washington
797,Hai,Satterfield,1-821-713-5345,f,806 Davis Village,North Annamarie,Massachusetts
798,Mike,Kerluke,426.004.2931,m,429 Chance Stream,East Louannstad,Oregon
799,Lester,Ryan,(496) 925-4354,m,87861 Leta Extensions,Watersborough,Maine
800,Marica,Conroy,(114) 075-5530,f,90212 Glover Islands,New Millardbury,Oklahoma
801,Ileen,Pacocha,892-215-8782,m,5124 Sparkle Common,Williamsonburgh,Montana
802,Dagmar,Lindgren,(635) 551-5965,f,6149 Schulist Burgs,Rinatown,Iowa
803,Olivia,Schneider,876.931.8484,f,7063 Sharilyn Row,Morissetteport,Virginia
804,Carly,Schaden,383-126-2323,m,92569 Emanuel Harbor,New Jamila,Illinois
805,Larry,Bechtelar,153.817.4758,f,106 Nolan Meadows,Lake Russ,Utah
806,Anibal,Hauck,914-338-4886,f,72420 Hane Parkway,Lake Fredrickfurt,Michigan
807,Eddie,Kassulke,531.752.0279,f,420 Weber Hollow,North Glaydsmouth,West Virginia
808,Bertie,Block,192-454-9901,f,55243 Wilderman Orchard,Port Elyse,Mississippi
809,Kiesha,Kozey,774.360.0387,m,55703 Aron Orchard,Smithamville,New Jersey
810,Omega,Buckridge,(767) 209-8045,m,82201 Titus Knoll,Dickinsonshire,Texas
811,Keli,Ward,(606) 285-6483,f,58001 Armstrong Lakes,Port Kristiantown,Missouri
812,Aiko,Wintheiser,1-232-948-6897,m,21889 Grace Forges,East Moseville,Maryland
813,Ma,Kovacek,(235) 912-0861,m,190 Kessler Village,Libbychester,Indiana
814,Vickie,Carter,(609) 737-4190,m,7924 Barrows Path,North Maisiemouth,Oklahoma
815,Kimi,Lindgren,709.051.0323,f,43529 Kemmer Gardens,Daysichester,Florida
816,Reuben,Balistreri,868.233.8186,m,2102 Thiel Hollow,Deloresville,Missouri
817,Sharice,Abshire,912-587-1227,f,37358 Jacobi Roads,Malvinaport,West Virginia
818,Stan,Waters,917.443.7267,m,662 Yuette Point,East Rayfordport,Rhode Island
819,Danika,Bergstrom,1-336-914-2458,m,642 Schaefer Well,West Stanford,Florida
820,Neomi,Glover,153.568.5824,f,610 Jason Summit,West Joannastad,Indiana
821,Roselia,VonRueden,943.458.4045,m,21985 Melodie Ville,Mayerstad,Utah
822,Jenell,Rath,943-010-4529,f,839 Johnnie Hill,East Lanita,Alaska
823,Jung,Schinner,980.938.1108,f,78652 Zelma Motorway,Balistreriton,New Hampshire
824,Josiah,Shields,707-093-2279,f,812 Hackett Shore,Kshlerinshire,Nevada
825,Murray,Franecki,1-522-214-7928,f,75660 Yundt Hill,East Budport,Arizona
826,Jill,Hoeger,(997) 195-4259,m,40555 Lockman Point,South Brianborough,Nebraska
827,Len,Mann,(203) 857-6685,f,4805 Jamal Plaza,Bookerville,New Hampshire
828,Brittney,Goodwin,907.954.2968,f,4553 Kellie Port,Bogisichfort,North Carolina
829,Scottie,Brekke,(492) 705-7864,f,769 Hai Fort,Lake Colinchester,Rhode Island
830,See,Bayer,1-454-323-7403,f,19574 Douglas Parks,West Nathanaelmouth,Massachusetts
831,Thomas,Carroll,1-280-022-5563,f,918 Jerold Unions,Kihnborough,Utah
832,Alfredo,Harber,(237) 812-3045,m,18145 Tabitha Glens,Kiehnhaven,Idaho
833,Willard,Daugherty,621.045.1695,f,538 Shamika Greens,Lake Luciusville,Rhode Island
834,Lyndsey,Collier,(324) 948-1683,f,286 Hoeger Burgs,New Kenisha,Alaska
835,Kasey,Kautzer,(284) 703-1550,f,19147 Kris Mountains,New Sheldonside,Wyoming
836,August,Veum,232-371-3397,m,1677 Langworth Valley,Wesleymouth,New Hampshire
837,Tequila,Okuneva,(358) 961-4655,f,448 Toby Crest,Chereshire,Alaska
838,Ward,Roberts,(207) 809-5429,f,54290 Satterfield Estates,South Shauntaview,North Dakota
839,Olevia,Marvin,600.693.2486,f,79241 Moore Points,West Karlenefurt,Indiana
840,Merideth,Glover,602-123-7697,m,973 Chance Via,Bergestad,Mississippi
841,Cherryl,Kuvalis,1-559-017-1585,f,83323 Enriqueta Inlet,Richardberg,Connecticut
842,Ruthie,Rippin,(176) 213-1714,f,2110 Cornell Crossing,Harbertown,Alabama
843,Shirley,Bauch,533-902-2851,f,57931 Stehr Place,South Maxwell,Mississippi
844,Stephan,Kertzmann,(236) 408-3315,f,82564 Gustavo Ridges,New Julieport,New Hampshire
845,Renee,Balistreri,505-802-9409,f,32807 Enriqueta Pine,New Syreeta,Nebraska
846,Terrell,Gerhold,484.593.2750,f,4548 Hackett Rue,Russelchester,Virginia
847,Denae,Grimes,419.594.1621,m,37965 Hills Estates,Riceborough,Maryland
848,Cornell,Okuneva,(765) 877-9776,f,1484 Kovacek Gateway,East Francesport,Missouri
849,Joette,Stokes,1-149-516-6629,m,55075 Jacobi Creek,Wildermanberg,Oregon
850,Mirian,Welch,(161) 589-3445,m,751 Bernadette Junctions,Marvinton,Alaska
851,Arlen,Cremin,1-346-938-9866,f,25867 Dooley Haven,South Marcellehaven,Oregon
852,Oralia,Harber,797.518.3864,m,7383 McKenzie Avenue,North Usha,Maryland
853,Vern,Hartmann,676.092.7339,m,39846 Julissa Fall,Bergstromville,Oregon
854,Dennis,Goldner,1-973-964-6270,m,898 Jacobi Radial,New Janeemouth,Illinois
855,Rosella,Sauer,(712) 898-5095,f,566 Manuela Falls,North Javier,North Dakota
856,Bernard,Renner,654.354.6888,m,563 Stokes Rest,Lesaberg,Ohio
857,Theo,Feeney,1-285-424-5471,m,64602 Ledner Island,Melissiatown,Rhode Island
858,Keenan,Kertzmann,1-777-053-7580,m,2544 Predovic Row,Huelhaven,Illinois
859,Coleman,Stark,228-165-2807,m,6740 Brekke Glen,Stantonberg,South Dakota
860,Merle,Schuppe,1-407-666-8055,m,8261 Hudson Vista,Pamellamouth,Virginia
861,Inocencia,Turner,519.939.1918,f,75473 Benny Haven,Anamariatown,Alaska
862,Regenia,Morissette,805-526-1868,m,98103 Shanahan Lake,West Soila,Indiana
863,Clayton,Hoeger,(474) 774-3188,f,12797 Earlean Rapid,Port Eleanorefort,Hawaii
864,Marni,Bartoletti,1-276-260-9795,m,785 Hermann Gateway,Murazikfurt,North Carolina
865,Laci,Cruickshank,(714) 137-2118,f,7774 Yundt Trace,South Keithshire,North Dakota
866,Marissa,Luettgen,864.125.8777,f,502 Klein Ranch,Lake Clark,Idaho
867,Jefferey,Hettinger,1-957-226-7643,m,48734 Carroll Divide,Port Doria,Wyoming
868,Russ,Kub,660.513.6636,m,150 Braun Freeway,Rosenbaumland,Connecticut
869,Sebastian,Hammes,1-942-385-8405,f,7966 Cyrus Spring,Terryside,New Hampshire
870,Yulanda,Watsica,(482) 282-4225,f,48538 Bernie Union,Stantonberg,Michigan
871,Van,Dickens,648-734-6182,m,9310 Pfannerstill Pine,Lake Dorsey,Nebraska
872,Bo,Collier,1-883-786-2221,f,5831 Gerald Skyway,East Roger,Washington
873,Rosaria,Miller,786-757-4900,f,73646 Calvin Villages,Brendonhaven,Michigan
874,Lou,Mayert,793.187.9466,f,239 Abel Well,Armstrongbury,West Virginia
875,Rick,Rowe,(298) 751-3724,m,6147 Alise Coves,Port Johnathanhaven,Georgia
876,Sharla,Braun,539.816.6981,m,120 Adina Prairie,Earnestburgh,West Virginia
877,Carrie,Monahan,403.672.3470,f,118 Reichel Inlet,D'Amorestad,Tennessee
878,Shemika,Purdy,160-958-4545,f,179 Bill Gateway,Dickinsontown,Arizona
879,Lucio,McKenzie,(328) 342-7842,m,947 Veronica Bypass,East Renate,Iowa
880,Ken,Balistreri,881-147-3202,f,16695 Waneta River,East Sylvester,Vermont
881,Matthew,Murray,254-923-8240,m,2074 Shavon Street,Volkmanshire,Alaska
882,Laurence,Smitham,697.217.0363,m,340 Ollie Shoals,Schroederview,Illinois
883,Brent,Schinner,386-433-1387,f,93324 Schmitt Glens,Diedrastad,New Jersey
884,Clay,Koelpin,418.097.9132,f,581 Claudia Drive,New Larastad,Pennsylvania
885,Agustina,DuBuque,1-877-195-8027,f,439 Heaney Mount,Alfonsoland,Colorado
886,Burt,Morar,840-078-2359,m,981 Armstrong Mountain,Corymouth,Virginia
887,Jarrett,Wolff,814.809.9456,m,668 Rhona Pines,New Raymond,Oklahoma
888,Wm,Herzog,377-005-7754,f,971 Watsica Mews,Lake Jeanenefurt,Alabama
889,Chance,Will,280.012.6110,m,454 Shields Stream,O'Connellshire,Illinois
890,Arvilla,Sauer,(381) 605-0268,m,6512 Nader Spring,Langoshton,Illinois
891,Danica,Will,(334) 415-8778,m,5821 Trantow Island,East Teressa,Wisconsin
892,Lazaro,Keeling,1-260-584-1786,f,40667 Romaguera Park,Strosinchester,New Hampshire
893,Eddie,Ullrich,949.147.6113,f,9119 Gleason Meadow,Port Terrancemouth,North Carolina
894,Kenton,Lindgren,518.062.4828,m,81044 Ferry Highway,Handfurt,Nebraska
895,Clair,Hodkiewicz,(464) 314-4573,m,45781 Elton Forest,Purdyport,Virginia
896,Albertina,Koepp,1-308-068-4607,f,677 Adrianna Meadows,Morissettefort,Idaho
897,Nevada,Paucek,1-245-312-4595,m,893 Leffler Pine,North Sanjuanitaview,Michigan
898,Alvaro,Schamberger,(434) 239-5267,f,42477 Gloria Hills,Ullrichstad,Nebraska
899,Alphonso,Marvin,(727) 429-6986,f,258 Terrell Crest,East Lucretia,Maine
900,Donny,Rempel,687.667.3414,f,880 Block Ferry,Samville,New Jersey
901,Maximo,Medhurst,195.592.2161,m,105 Ed Vista,Gibsonside,South Dakota
902,Raul,Osinski,1-385-868-6857,m,2959 Lenita Pines,East Jerry,New Jersey
903,Joe,Keeling,(994) 642-5756,f,6380 Luettgen Fields,Emardhaven,Delaware
904,Eldon,Nikolaus,(451) 800-3891,f,1615 Casper Bypass,West Yanfurt,New Mexico
905,Margarite,Doyle,914-494-5406,m,457 Steven Mills,Feilchester,Kansas
906,Federico,Fay,(555) 162-1586,f,9610 Margie Fords,Grahamfurt,North Dakota
907,Ross,Schoen,1-859-113-1240,m,2483 Zulauf Shoals,Izettaside,Oklahoma
908,Roy,Dare,224.613.5111,f,162 Doyle Way,Andreaville,California
909,Jerilyn,Stiedemann,954.132.5622,f,9775 Reichel Lake,Sookberg,Arkansas
910,Freddy,Hills,1-197-760-4539,m,69180 Cormier Loaf,South Gene,Pennsylvania
911,Ricky,Hessel,(978) 564-9127,f,48533 Kelli Grove,Lake Aronview,Alabama
912,Rufus,Balistreri,779.916.5404,m,154 Armando Crest,Hoegerfurt,Maine
913,Maranda,Goodwin,1-676-104-4586,m,303 Russ Tunnel,Donteshire,Arizona
914,Cassie,Zboncak,1-672-128-5471,f,6129 Carrol Lane,New Corinnechester,Virginia
915,Abram,Bernier,163.867.9327,f,3296 Bogan Ferry,South Emory,Wisconsin
916,Tristan,Roob,1-730-767-9401,f,10767 Rutherford Corner,Fadelmouth,Massachusetts
917,Corey,Kertzmann,635.591.8284,m,720 Connelly Court,Anthonymouth,South Carolina
918,Lesa,Wiegand,379-753-2198,f,79888 Medhurst Streets,Fayfurt,Oregon
919,Courtney,Mertz,(716) 075-4291,f,5318 Schowalter Drives,New Marjoriebury,Mississippi
920,Wm,Durgan,1-490-272-2192,f,32799 Latonia Fork,North Norene,New Hampshire
921,Cyndi,Lebsack,354-189-9828,m,495 Satterfield Canyon,Greenholttown,Massachusetts
922,Leana,Rogahn,218-982-8655,f,1912 Michale Village,South Jody,Washington
923,Mark,Baumbach,1-793-960-0453,m,930 Shawn Ways,Donnietown,Maine
924,Margarette,Kautzer,(335) 358-0533,m,635 Nolan Mill,Cartwrightside,Oklahoma
925,Nada,Gottlieb,996.875.6919,f,7093 Prohaska Ramp,Lannieport,Nevada
926,Corey,Haley,1-423-533-0534,f,630 Orn Village,Desiraetown,Missouri
927,Sanjuana,Kozey,1-266-315-5259,f,7091 Becker Pike,Jamesview,Virginia
928,Yong,Robel,108-281-9056,m,2092 Kermit Stravenue,New Antonette,California
929,Missy,Lind,798.770.5578,m,2413 Kathy Neck,Bernierberg,Arizona
930,Risa,Kling,(383) 380-1369,f,64430 Jamar Fords,Carytown,Michigan
931,Alita,Mitchell,1-308-714-1907,f,620 Funk Road,South Jenelleborough,Rhode Island
932,Abe,Morissette,936.496.8034,f,335 Roob Stream,Domitilaside,Illinois
933,Winifred,Haley,508-346-5475,f,78064 Schaefer Viaduct,East Quinn,Maine
934,Valentin,Champlin,(968) 260-4038,m,700 Lily Tunnel,South Napoleon,New Hampshire
935,Shasta,Swift,(954) 686-8602,f,1830 Bernier Shoals,West Brentonberg,Montana
936,Gail,Leuschke,1-604-865-0157,f,37827 Onie Green,North Victorside,Wisconsin
937,Demetrice,Bosco,(990) 430-1446,f,378 Daniel Isle,East Violeta,Rhode Island
938,Stanley,Stehr,124.728.4364,f,479 Coleen Mill,New Jacquiemouth,New Mexico
939,Irwin,Wisozk,704-278-3518,m,100 Kuphal Shore,Conroymouth,South Carolina
940,Stacy,Muller,356-741-0344,m,513 Anika Path,Monahantown,Oklahoma
941,Nolan,Daniel,938.675.2221,m,9237 Jerde Forges,Lynwoodfort,Alabama
942,Cesar,Kertzmann,404.634.4385,f,740 Marchelle Estates,Melvinchester,North Carolina
943,Nathaniel,Dickinson,807.325.7424,f,3798 Boyle Meadow,New Ozzieborough,Maryland
944,Emogene,Kertzmann,(641) 619-2764,m,51030 Mann Ports,East Pura,Nebraska
945,Darci,Howell,(480) 336-0732,f,7708 Shields Court,Port Ozzie,North Carolina
946,Cornell,Wehner,1-529-869-1964,m,42257 Elliott Park,Lake Ionaberg,Idaho
947,Corinne,Schmeler,876-754-9065,f,7735 Danilo Springs,New Ramiro,Mississippi
948,Denny,Anderson,(606) 555-2138,m,77794 Gulgowski Road,New Geralyn,Washington
949,Francesco,McGlynn,352.743.7117,m,56434 Brent Walks,Genarotown,Utah
950,Eldridge,Dooley,217.321.4496,f,856 Roselyn Trace,Doylefurt,Kansas
951,Izola,Lesch,970.795.6110,f,70908 Stamm Brook,South Corrinnebury,California
952,Erasmo,Gibson,181.248.2360,f,66625 Lueilwitz Corner,East Libbie,Utah
953,Tempie,Waters,(681) 536-9704,f,265 Mraz Light,Andreasstad,New Hampshire
954,Kraig,Haley,370.222.2351,f,31829 Keisha Mount,East Leonardoside,Michigan
955,Quinton,Lindgren,1-974-674-3072,m,154 O'Connell Rue,South Latasha,Kansas
956,Lulu,Kuvalis,537.505.6200,m,26980 Kelley Land,Lenardland,Massachusetts
957,Keitha,Homenick,971.632.2490,m,799 Clark Pines,Brakuston,Oklahoma
958,Marinda,Marvin,(855) 712-8154,m,3402 Kulas Trail,New Elisha,Pennsylvania
959,Oswaldo,Weber,1-966-434-1593,m,3754 Wilton Mountain,Port Caren,Florida
960,Sanford,Kiehn,563.165.8891,f,7007 Connelly Mountains,West Cary,North Dakota
961,Ross,Fritsch,776.352.9134,m,63689 Robert Way,South Delmar,Utah
962,Guillermo,Sauer,502.548.4972,f,422 Miles Loaf,Monicaville,Indiana
963,Ronna,Stamm,1-238-066-3542,f,9954 Randell Common,West Adalbertofurt,Massachusetts
964,Galina,Miller,(348) 268-8892,f,1169 Sarai Brooks,Arnoldoside,Texas
965,Hassan,Macejkovic,(314) 336-7898,f,862 Robel Junction,North Eddiemouth,Idaho
966,Vincent,Hessel,(492) 545-0405,m,1540 Beatty Course,Port Thaddeus,New Jersey
967,Pamela,Stamm,161-879-6143,f,8964 Israel Stravenue,West Errol,Missouri
968,Rich,Purdy,846-411-9999,f,422 Marcelo Springs,Markschester,Florida
969,Noelle,Frami,561-440-4115,f,74042 Conrad Street,East Napoleonview,Indiana
970,Jenniffer,Zemlak,562-518-2119,f,245 Alexis Gardens,East Odelltown,Delaware
971,Jared,Howe,(393) 687-3457,f,6084 Edison Place,Port Betteland,Texas
972,Porter,Denesik,(610) 800-6060,f,2798 Kelley Ford,Cleofurt,Hawaii
973,Lemuel,Renner,1-821-010-0267,m,896 Cartwright Ports,Treutelville,Maine
974,Kassie,Carroll,439-593-8402,m,3484 King Groves,Lake Kentton,Arkansas
975,Danna,Kuvalis,591-729-3212,m,10016 Baumbach Ville,West Shavonmouth,Vermont
976,Pandora,Streich,400.565.1651,m,362 Erwin Lights,South Arliebury,California
977,Darrel,Lemke,791.264.8141,m,86504 Berry Manors,North Ranee,Massachusetts
978,Marna,Abshire,123.328.4158,m,523 Wolff Lake,Lake Arnette,Hawaii
979,Shirl,Waelchi,370-093-1576,f,6604 Alonso Run,Port Janitamouth,Arizona
980,Buddy,Kassulke,665.081.7718,f,332 Gisela Gateway,Stanport,Oregon
981,Walter,Brakus,(122) 219-7167,f,4222 Hand Causeway,Maricelamouth,West Virginia
982,Alec,Collier,(782) 772-0267,f,5781 Rosanna Divide,Lake Stephane,Maine
983,Leilani,Schaefer,881.287.9743,m,7993 Walter Orchard,Nolantown,Georgia
984,Evia,Stark,230-756-8201,f,3394 Teddy Roads,East Magdalene,Wyoming
985,Odell,Stehr,(736) 271-5176,f,878 Arnold Rest,Earleside,Alaska
986,Celesta,Willms,855-823-3342,f,722 Friesen Glens,New Robbie,New York
987,Jackson,Cummerata,(662) 026-7035,f,735 Marty Road,Wmmouth,South Carolina
988,Irving,Toy,(528) 773-7460,m,33329 Lindsey Track,West Alejandro,New Jersey
989,Stanley,O'Conner,1-620-479-7487,f,19207 Schaden Glen,Lake Ahmed,Tennessee
990,Dirk,Sanford,(989) 400-5449,f,70320 O'Keefe Fork,Lake Isaacview,New York
991,Loralee,Luettgen,1-382-315-0148,f,4817 Williamson Causeway,South Kacieborough,Illinois
992,Darron,Hackett,397.046.1792,m,7985 Clay Circles,Creolaton,Louisiana
993,Cleo,Wunsch,553-612-6236,m,1793 Ernesto Lane,Pfannerstillton,Ohio
994,Doyle,Schimmel,738.059.5180,m,1430 Sanford Fort,South Loydburgh,South Dakota
995,Ahmed,Harris,(531) 302-2965,m,4777 Nathanial Plains,Lake Tamishaborough,Rhode Island
996,Dallas,Tremblay,(888) 948-0748,m,1649 Mante Parkways,Jonside,Florida
997,Belinda,Lindgren,(468) 821-5616,m,8240 Marlyn Club,North Lili,Rhode Island
998,Marylin,Schowalter,1-118-201-0233,f,202 Carey Shoal,Creminshire,Rhode Island
999,Carl,Stroman,178.304.6864,f,2382 Denver Haven,East Carlton,Minnesota
1000,Carmen,Boyle,(263) 201-4425,m,52767 Lebsack Way,North Ammiemouth,Montana
1001,Soon,Gibson,250-812-8474,f,6528 Muller Prairie,Claribelville,Michigan
1002,Merlin,Ward,472-512-3263,m,98562 Waters Lodge,New Otha,Missouri
1003,Avelina,Stamm,1-925-088-8926,f,67630 Kristofer Inlet,Brakusborough,West Virginia
1004,Jude,Pacocha,513.213.2791,m,757 Glenn Orchard,Hauckside,West Virginia
1005,Eric,Hammes,945-315-8728,f,321 Cassy Lock,Porfiriohaven,Delaware
1006,Kerry,Tromp,(135) 834-4200,m,7101 Mitchell Mall,Port Coyberg,North Carolina
1007,Rosann,Stoltenberg,402-132-0660,m,320 Nedra Passage,Kochshire,Ohio
1008,Evita,Windler,1-464-140-8968,m,73742 Medhurst Groves,Millsburgh,Idaho
1009,Ossie,Collins,788.620.8519,m,30203 Blick Summit,Guyport,Wisconsin
1010,Louanne,Friesen,(683) 439-6497,f,163 Shonta Ridges,Connellymouth,Rhode Island
1011,Clement,Roberts,1-983-681-7201,m,6006 Bobby Haven,Pearlineshire,West Virginia
1012,Dinorah,Spencer,180.508.5263,m,85533 Bogan Wall,Kuhnshire,Maine
1013,Ahmed,Ratke,424-905-5429,f,17270 Chet Bridge,North Jarod,Louisiana
1014,China,Hintz,1-811-009-5985,f,16296 Louise Turnpike,Turcotteborough,Missouri
1015,Valentine,Dietrich,273-466-3233,f,319 Cliff Ports,Johnstonshire,Kansas
1016,Wendy,Bernhard,(692) 860-9068,m,66896 Lang Cape,Nolanton,West Virginia
1017,Dori,Kertzmann,1-892-894-3957,m,913 Lupe Run,Boylehaven,Wisconsin
1018,Major,Gerlach,1-378-747-0700,m,832 Champlin Mountains,Port Lindseyport,Georgia
1019,Nolan,Reichert,1-716-857-5021,m,61070 Durgan Road,South Eldridge,Ohio
1020,Jeffrey,Doyle,127-141-5887,m,75408 Jeffery Glens,New Ezraport,Delaware
1021,Karl,Kshlerin,190.813.3570,f,685 Hintz Via,North Shani,Maine
1022,Brice,Braun,1-478-211-0440,m,362 James Pass,Gutkowskiside,Hawaii
1023,Theo,Stanton,1-590-026-7977,m,352 Marlo Manor,North Celia,Maine
1024,Adam,Jaskolski,363-880-8997,f,141 Keven Via,New Miltonborough,Maryland
